condition,refGroupSize,focalGroupSize,nItems,prevRate,difRate,difType,balanced,aStrength,bStrength
1,400,400,40,0.12,0,none,none,0,0
2,400,400,40,0.3,0,none,none,0,0
3,400,400,80,0.12,0,none,none,0,0
4,400,400,80,0.3,0,none,none,0,0
5,400,200,40,0.12,0,none,none,0,0
6,400,200,40,0.3,0,none,none,0,0
7,400,200,80,0.12,0,none,none,0,0
8,400,200,80,0.3,0,none,none,0,0
9,400,100,40,0.12,0,none,none,0,0
10,400,100,40,0.3,0,none,none,0,0
11,400,100,80,0.12,0,none,none,0,0
12,400,100,80,0.3,0,none,none,0,0
13,2000,2000,40,0.12,0,none,none,0,0
14,2000,2000,40,0.3,0,none,none,0,0
15,2000,2000,80,0.12,0,none,none,0,0
16,2000,2000,80,0.3,0,none,none,0,0
17,2000,1000,40,0.12,0,none,none,0,0
18,2000,1000,40,0.3,0,none,none,0,0
19,2000,1000,80,0.12,0,none,none,0,0
20,2000,1000,80,0.3,0,none,none,0,0
21,2000,500,40,0.12,0,none,none,0,0
22,2000,500,40,0.3,0,none,none,0,0
23,2000,500,80,0.12,0,none,none,0,0
24,2000,500,80,0.3,0,none,none,0,0
25,400,400,40,0.12,0.05,both,TRUE,0.2,0.5
26,400,400,40,0.12,0.05,both,TRUE,0.2,1
27,400,400,40,0.12,0.05,both,TRUE,0.2,2
28,400,400,40,0.12,0.05,both,TRUE,0.5,0.5
29,400,400,40,0.12,0.05,both,TRUE,0.5,1
30,400,400,40,0.12,0.05,both,TRUE,0.5,2
31,400,400,40,0.12,0.05,both,TRUE,0.8,0.5
32,400,400,40,0.12,0.05,both,TRUE,0.8,1
33,400,400,40,0.12,0.05,both,TRUE,0.8,2
34,400,400,40,0.12,0.05,both,FALSE,0.2,0.5
35,400,400,40,0.12,0.05,both,FALSE,0.2,1
36,400,400,40,0.12,0.05,both,FALSE,0.2,2
37,400,400,40,0.12,0.05,both,FALSE,0.5,0.5
38,400,400,40,0.12,0.05,both,FALSE,0.5,1
39,400,400,40,0.12,0.05,both,FALSE,0.5,2
40,400,400,40,0.12,0.05,both,FALSE,0.8,0.5
41,400,400,40,0.12,0.05,both,FALSE,0.8,1
42,400,400,40,0.12,0.05,both,FALSE,0.8,2
43,400,400,40,0.12,0.4,both,TRUE,0.2,0.5
44,400,400,40,0.12,0.4,both,TRUE,0.2,1
45,400,400,40,0.12,0.4,both,TRUE,0.2,2
46,400,400,40,0.12,0.4,both,TRUE,0.5,0.5
47,400,400,40,0.12,0.4,both,TRUE,0.5,1
48,400,400,40,0.12,0.4,both,TRUE,0.5,2
49,400,400,40,0.12,0.4,both,TRUE,0.8,0.5
50,400,400,40,0.12,0.4,both,TRUE,0.8,1
51,400,400,40,0.12,0.4,both,TRUE,0.8,2
52,400,400,40,0.12,0.4,both,FALSE,0.2,0.5
53,400,400,40,0.12,0.4,both,FALSE,0.2,1
54,400,400,40,0.12,0.4,both,FALSE,0.2,2
55,400,400,40,0.12,0.4,both,FALSE,0.5,0.5
56,400,400,40,0.12,0.4,both,FALSE,0.5,1
57,400,400,40,0.12,0.4,both,FALSE,0.5,2
58,400,400,40,0.12,0.4,both,FALSE,0.8,0.5
59,400,400,40,0.12,0.4,both,FALSE,0.8,1
60,400,400,40,0.12,0.4,both,FALSE,0.8,2
61,400,400,40,0.12,0.7,both,TRUE,0.2,0.5
62,400,400,40,0.12,0.7,both,TRUE,0.2,1
63,400,400,40,0.12,0.7,both,TRUE,0.2,2
64,400,400,40,0.12,0.7,both,TRUE,0.5,0.5
65,400,400,40,0.12,0.7,both,TRUE,0.5,1
66,400,400,40,0.12,0.7,both,TRUE,0.5,2
67,400,400,40,0.12,0.7,both,TRUE,0.8,0.5
68,400,400,40,0.12,0.7,both,TRUE,0.8,1
69,400,400,40,0.12,0.7,both,TRUE,0.8,2
70,400,400,40,0.12,0.7,both,FALSE,0.2,0.5
71,400,400,40,0.12,0.7,both,FALSE,0.2,1
72,400,400,40,0.12,0.7,both,FALSE,0.2,2
73,400,400,40,0.12,0.7,both,FALSE,0.5,0.5
74,400,400,40,0.12,0.7,both,FALSE,0.5,1
75,400,400,40,0.12,0.7,both,FALSE,0.5,2
76,400,400,40,0.12,0.7,both,FALSE,0.8,0.5
77,400,400,40,0.12,0.7,both,FALSE,0.8,1
78,400,400,40,0.12,0.7,both,FALSE,0.8,2
79,400,400,40,0.3,0.05,both,TRUE,0.2,0.5
80,400,400,40,0.3,0.05,both,TRUE,0.2,1
81,400,400,40,0.3,0.05,both,TRUE,0.2,2
82,400,400,40,0.3,0.05,both,TRUE,0.5,0.5
83,400,400,40,0.3,0.05,both,TRUE,0.5,1
84,400,400,40,0.3,0.05,both,TRUE,0.5,2
85,400,400,40,0.3,0.05,both,TRUE,0.8,0.5
86,400,400,40,0.3,0.05,both,TRUE,0.8,1
87,400,400,40,0.3,0.05,both,TRUE,0.8,2
88,400,400,40,0.3,0.05,both,FALSE,0.2,0.5
89,400,400,40,0.3,0.05,both,FALSE,0.2,1
90,400,400,40,0.3,0.05,both,FALSE,0.2,2
91,400,400,40,0.3,0.05,both,FALSE,0.5,0.5
92,400,400,40,0.3,0.05,both,FALSE,0.5,1
93,400,400,40,0.3,0.05,both,FALSE,0.5,2
94,400,400,40,0.3,0.05,both,FALSE,0.8,0.5
95,400,400,40,0.3,0.05,both,FALSE,0.8,1
96,400,400,40,0.3,0.05,both,FALSE,0.8,2
97,400,400,40,0.3,0.4,both,TRUE,0.2,0.5
98,400,400,40,0.3,0.4,both,TRUE,0.2,1
99,400,400,40,0.3,0.4,both,TRUE,0.2,2
100,400,400,40,0.3,0.4,both,TRUE,0.5,0.5
101,400,400,40,0.3,0.4,both,TRUE,0.5,1
102,400,400,40,0.3,0.4,both,TRUE,0.5,2
103,400,400,40,0.3,0.4,both,TRUE,0.8,0.5
104,400,400,40,0.3,0.4,both,TRUE,0.8,1
105,400,400,40,0.3,0.4,both,TRUE,0.8,2
106,400,400,40,0.3,0.4,both,FALSE,0.2,0.5
107,400,400,40,0.3,0.4,both,FALSE,0.2,1
108,400,400,40,0.3,0.4,both,FALSE,0.2,2
109,400,400,40,0.3,0.4,both,FALSE,0.5,0.5
110,400,400,40,0.3,0.4,both,FALSE,0.5,1
111,400,400,40,0.3,0.4,both,FALSE,0.5,2
112,400,400,40,0.3,0.4,both,FALSE,0.8,0.5
113,400,400,40,0.3,0.4,both,FALSE,0.8,1
114,400,400,40,0.3,0.4,both,FALSE,0.8,2
115,400,400,40,0.3,0.7,both,TRUE,0.2,0.5
116,400,400,40,0.3,0.7,both,TRUE,0.2,1
117,400,400,40,0.3,0.7,both,TRUE,0.2,2
118,400,400,40,0.3,0.7,both,TRUE,0.5,0.5
119,400,400,40,0.3,0.7,both,TRUE,0.5,1
120,400,400,40,0.3,0.7,both,TRUE,0.5,2
121,400,400,40,0.3,0.7,both,TRUE,0.8,0.5
122,400,400,40,0.3,0.7,both,TRUE,0.8,1
123,400,400,40,0.3,0.7,both,TRUE,0.8,2
124,400,400,40,0.3,0.7,both,FALSE,0.2,0.5
125,400,400,40,0.3,0.7,both,FALSE,0.2,1
126,400,400,40,0.3,0.7,both,FALSE,0.2,2
127,400,400,40,0.3,0.7,both,FALSE,0.5,0.5
128,400,400,40,0.3,0.7,both,FALSE,0.5,1
129,400,400,40,0.3,0.7,both,FALSE,0.5,2
130,400,400,40,0.3,0.7,both,FALSE,0.8,0.5
131,400,400,40,0.3,0.7,both,FALSE,0.8,1
132,400,400,40,0.3,0.7,both,FALSE,0.8,2
133,400,400,80,0.12,0.05,both,TRUE,0.2,0.5
134,400,400,80,0.12,0.05,both,TRUE,0.2,1
135,400,400,80,0.12,0.05,both,TRUE,0.2,2
136,400,400,80,0.12,0.05,both,TRUE,0.5,0.5
137,400,400,80,0.12,0.05,both,TRUE,0.5,1
138,400,400,80,0.12,0.05,both,TRUE,0.5,2
139,400,400,80,0.12,0.05,both,TRUE,0.8,0.5
140,400,400,80,0.12,0.05,both,TRUE,0.8,1
141,400,400,80,0.12,0.05,both,TRUE,0.8,2
142,400,400,80,0.12,0.05,both,FALSE,0.2,0.5
143,400,400,80,0.12,0.05,both,FALSE,0.2,1
144,400,400,80,0.12,0.05,both,FALSE,0.2,2
145,400,400,80,0.12,0.05,both,FALSE,0.5,0.5
146,400,400,80,0.12,0.05,both,FALSE,0.5,1
147,400,400,80,0.12,0.05,both,FALSE,0.5,2
148,400,400,80,0.12,0.05,both,FALSE,0.8,0.5
149,400,400,80,0.12,0.05,both,FALSE,0.8,1
150,400,400,80,0.12,0.05,both,FALSE,0.8,2
151,400,400,80,0.12,0.4,both,TRUE,0.2,0.5
152,400,400,80,0.12,0.4,both,TRUE,0.2,1
153,400,400,80,0.12,0.4,both,TRUE,0.2,2
154,400,400,80,0.12,0.4,both,TRUE,0.5,0.5
155,400,400,80,0.12,0.4,both,TRUE,0.5,1
156,400,400,80,0.12,0.4,both,TRUE,0.5,2
157,400,400,80,0.12,0.4,both,TRUE,0.8,0.5
158,400,400,80,0.12,0.4,both,TRUE,0.8,1
159,400,400,80,0.12,0.4,both,TRUE,0.8,2
160,400,400,80,0.12,0.4,both,FALSE,0.2,0.5
161,400,400,80,0.12,0.4,both,FALSE,0.2,1
162,400,400,80,0.12,0.4,both,FALSE,0.2,2
163,400,400,80,0.12,0.4,both,FALSE,0.5,0.5
164,400,400,80,0.12,0.4,both,FALSE,0.5,1
165,400,400,80,0.12,0.4,both,FALSE,0.5,2
166,400,400,80,0.12,0.4,both,FALSE,0.8,0.5
167,400,400,80,0.12,0.4,both,FALSE,0.8,1
168,400,400,80,0.12,0.4,both,FALSE,0.8,2
169,400,400,80,0.12,0.7,both,TRUE,0.2,0.5
170,400,400,80,0.12,0.7,both,TRUE,0.2,1
171,400,400,80,0.12,0.7,both,TRUE,0.2,2
172,400,400,80,0.12,0.7,both,TRUE,0.5,0.5
173,400,400,80,0.12,0.7,both,TRUE,0.5,1
174,400,400,80,0.12,0.7,both,TRUE,0.5,2
175,400,400,80,0.12,0.7,both,TRUE,0.8,0.5
176,400,400,80,0.12,0.7,both,TRUE,0.8,1
177,400,400,80,0.12,0.7,both,TRUE,0.8,2
178,400,400,80,0.12,0.7,both,FALSE,0.2,0.5
179,400,400,80,0.12,0.7,both,FALSE,0.2,1
180,400,400,80,0.12,0.7,both,FALSE,0.2,2
181,400,400,80,0.12,0.7,both,FALSE,0.5,0.5
182,400,400,80,0.12,0.7,both,FALSE,0.5,1
183,400,400,80,0.12,0.7,both,FALSE,0.5,2
184,400,400,80,0.12,0.7,both,FALSE,0.8,0.5
185,400,400,80,0.12,0.7,both,FALSE,0.8,1
186,400,400,80,0.12,0.7,both,FALSE,0.8,2
187,400,400,80,0.3,0.05,both,TRUE,0.2,0.5
188,400,400,80,0.3,0.05,both,TRUE,0.2,1
189,400,400,80,0.3,0.05,both,TRUE,0.2,2
190,400,400,80,0.3,0.05,both,TRUE,0.5,0.5
191,400,400,80,0.3,0.05,both,TRUE,0.5,1
192,400,400,80,0.3,0.05,both,TRUE,0.5,2
193,400,400,80,0.3,0.05,both,TRUE,0.8,0.5
194,400,400,80,0.3,0.05,both,TRUE,0.8,1
195,400,400,80,0.3,0.05,both,TRUE,0.8,2
196,400,400,80,0.3,0.05,both,FALSE,0.2,0.5
197,400,400,80,0.3,0.05,both,FALSE,0.2,1
198,400,400,80,0.3,0.05,both,FALSE,0.2,2
199,400,400,80,0.3,0.05,both,FALSE,0.5,0.5
200,400,400,80,0.3,0.05,both,FALSE,0.5,1
201,400,400,80,0.3,0.05,both,FALSE,0.5,2
202,400,400,80,0.3,0.05,both,FALSE,0.8,0.5
203,400,400,80,0.3,0.05,both,FALSE,0.8,1
204,400,400,80,0.3,0.05,both,FALSE,0.8,2
205,400,400,80,0.3,0.4,both,TRUE,0.2,0.5
206,400,400,80,0.3,0.4,both,TRUE,0.2,1
207,400,400,80,0.3,0.4,both,TRUE,0.2,2
208,400,400,80,0.3,0.4,both,TRUE,0.5,0.5
209,400,400,80,0.3,0.4,both,TRUE,0.5,1
210,400,400,80,0.3,0.4,both,TRUE,0.5,2
211,400,400,80,0.3,0.4,both,TRUE,0.8,0.5
212,400,400,80,0.3,0.4,both,TRUE,0.8,1
213,400,400,80,0.3,0.4,both,TRUE,0.8,2
214,400,400,80,0.3,0.4,both,FALSE,0.2,0.5
215,400,400,80,0.3,0.4,both,FALSE,0.2,1
216,400,400,80,0.3,0.4,both,FALSE,0.2,2
217,400,400,80,0.3,0.4,both,FALSE,0.5,0.5
218,400,400,80,0.3,0.4,both,FALSE,0.5,1
219,400,400,80,0.3,0.4,both,FALSE,0.5,2
220,400,400,80,0.3,0.4,both,FALSE,0.8,0.5
221,400,400,80,0.3,0.4,both,FALSE,0.8,1
222,400,400,80,0.3,0.4,both,FALSE,0.8,2
223,400,400,80,0.3,0.7,both,TRUE,0.2,0.5
224,400,400,80,0.3,0.7,both,TRUE,0.2,1
225,400,400,80,0.3,0.7,both,TRUE,0.2,2
226,400,400,80,0.3,0.7,both,TRUE,0.5,0.5
227,400,400,80,0.3,0.7,both,TRUE,0.5,1
228,400,400,80,0.3,0.7,both,TRUE,0.5,2
229,400,400,80,0.3,0.7,both,TRUE,0.8,0.5
230,400,400,80,0.3,0.7,both,TRUE,0.8,1
231,400,400,80,0.3,0.7,both,TRUE,0.8,2
232,400,400,80,0.3,0.7,both,FALSE,0.2,0.5
233,400,400,80,0.3,0.7,both,FALSE,0.2,1
234,400,400,80,0.3,0.7,both,FALSE,0.2,2
235,400,400,80,0.3,0.7,both,FALSE,0.5,0.5
236,400,400,80,0.3,0.7,both,FALSE,0.5,1
237,400,400,80,0.3,0.7,both,FALSE,0.5,2
238,400,400,80,0.3,0.7,both,FALSE,0.8,0.5
239,400,400,80,0.3,0.7,both,FALSE,0.8,1
240,400,400,80,0.3,0.7,both,FALSE,0.8,2
241,400,200,40,0.12,0.05,both,TRUE,0.2,0.5
242,400,200,40,0.12,0.05,both,TRUE,0.2,1
243,400,200,40,0.12,0.05,both,TRUE,0.2,2
244,400,200,40,0.12,0.05,both,TRUE,0.5,0.5
245,400,200,40,0.12,0.05,both,TRUE,0.5,1
246,400,200,40,0.12,0.05,both,TRUE,0.5,2
247,400,200,40,0.12,0.05,both,TRUE,0.8,0.5
248,400,200,40,0.12,0.05,both,TRUE,0.8,1
249,400,200,40,0.12,0.05,both,TRUE,0.8,2
250,400,200,40,0.12,0.05,both,FALSE,0.2,0.5
251,400,200,40,0.12,0.05,both,FALSE,0.2,1
252,400,200,40,0.12,0.05,both,FALSE,0.2,2
253,400,200,40,0.12,0.05,both,FALSE,0.5,0.5
254,400,200,40,0.12,0.05,both,FALSE,0.5,1
255,400,200,40,0.12,0.05,both,FALSE,0.5,2
256,400,200,40,0.12,0.05,both,FALSE,0.8,0.5
257,400,200,40,0.12,0.05,both,FALSE,0.8,1
258,400,200,40,0.12,0.05,both,FALSE,0.8,2
259,400,200,40,0.12,0.4,both,TRUE,0.2,0.5
260,400,200,40,0.12,0.4,both,TRUE,0.2,1
261,400,200,40,0.12,0.4,both,TRUE,0.2,2
262,400,200,40,0.12,0.4,both,TRUE,0.5,0.5
263,400,200,40,0.12,0.4,both,TRUE,0.5,1
264,400,200,40,0.12,0.4,both,TRUE,0.5,2
265,400,200,40,0.12,0.4,both,TRUE,0.8,0.5
266,400,200,40,0.12,0.4,both,TRUE,0.8,1
267,400,200,40,0.12,0.4,both,TRUE,0.8,2
268,400,200,40,0.12,0.4,both,FALSE,0.2,0.5
269,400,200,40,0.12,0.4,both,FALSE,0.2,1
270,400,200,40,0.12,0.4,both,FALSE,0.2,2
271,400,200,40,0.12,0.4,both,FALSE,0.5,0.5
272,400,200,40,0.12,0.4,both,FALSE,0.5,1
273,400,200,40,0.12,0.4,both,FALSE,0.5,2
274,400,200,40,0.12,0.4,both,FALSE,0.8,0.5
275,400,200,40,0.12,0.4,both,FALSE,0.8,1
276,400,200,40,0.12,0.4,both,FALSE,0.8,2
277,400,200,40,0.12,0.7,both,TRUE,0.2,0.5
278,400,200,40,0.12,0.7,both,TRUE,0.2,1
279,400,200,40,0.12,0.7,both,TRUE,0.2,2
280,400,200,40,0.12,0.7,both,TRUE,0.5,0.5
281,400,200,40,0.12,0.7,both,TRUE,0.5,1
282,400,200,40,0.12,0.7,both,TRUE,0.5,2
283,400,200,40,0.12,0.7,both,TRUE,0.8,0.5
284,400,200,40,0.12,0.7,both,TRUE,0.8,1
285,400,200,40,0.12,0.7,both,TRUE,0.8,2
286,400,200,40,0.12,0.7,both,FALSE,0.2,0.5
287,400,200,40,0.12,0.7,both,FALSE,0.2,1
288,400,200,40,0.12,0.7,both,FALSE,0.2,2
289,400,200,40,0.12,0.7,both,FALSE,0.5,0.5
290,400,200,40,0.12,0.7,both,FALSE,0.5,1
291,400,200,40,0.12,0.7,both,FALSE,0.5,2
292,400,200,40,0.12,0.7,both,FALSE,0.8,0.5
293,400,200,40,0.12,0.7,both,FALSE,0.8,1
294,400,200,40,0.12,0.7,both,FALSE,0.8,2
295,400,200,40,0.3,0.05,both,TRUE,0.2,0.5
296,400,200,40,0.3,0.05,both,TRUE,0.2,1
297,400,200,40,0.3,0.05,both,TRUE,0.2,2
298,400,200,40,0.3,0.05,both,TRUE,0.5,0.5
299,400,200,40,0.3,0.05,both,TRUE,0.5,1
300,400,200,40,0.3,0.05,both,TRUE,0.5,2
301,400,200,40,0.3,0.05,both,TRUE,0.8,0.5
302,400,200,40,0.3,0.05,both,TRUE,0.8,1
303,400,200,40,0.3,0.05,both,TRUE,0.8,2
304,400,200,40,0.3,0.05,both,FALSE,0.2,0.5
305,400,200,40,0.3,0.05,both,FALSE,0.2,1
306,400,200,40,0.3,0.05,both,FALSE,0.2,2
307,400,200,40,0.3,0.05,both,FALSE,0.5,0.5
308,400,200,40,0.3,0.05,both,FALSE,0.5,1
309,400,200,40,0.3,0.05,both,FALSE,0.5,2
310,400,200,40,0.3,0.05,both,FALSE,0.8,0.5
311,400,200,40,0.3,0.05,both,FALSE,0.8,1
312,400,200,40,0.3,0.05,both,FALSE,0.8,2
313,400,200,40,0.3,0.4,both,TRUE,0.2,0.5
314,400,200,40,0.3,0.4,both,TRUE,0.2,1
315,400,200,40,0.3,0.4,both,TRUE,0.2,2
316,400,200,40,0.3,0.4,both,TRUE,0.5,0.5
317,400,200,40,0.3,0.4,both,TRUE,0.5,1
318,400,200,40,0.3,0.4,both,TRUE,0.5,2
319,400,200,40,0.3,0.4,both,TRUE,0.8,0.5
320,400,200,40,0.3,0.4,both,TRUE,0.8,1
321,400,200,40,0.3,0.4,both,TRUE,0.8,2
322,400,200,40,0.3,0.4,both,FALSE,0.2,0.5
323,400,200,40,0.3,0.4,both,FALSE,0.2,1
324,400,200,40,0.3,0.4,both,FALSE,0.2,2
325,400,200,40,0.3,0.4,both,FALSE,0.5,0.5
326,400,200,40,0.3,0.4,both,FALSE,0.5,1
327,400,200,40,0.3,0.4,both,FALSE,0.5,2
328,400,200,40,0.3,0.4,both,FALSE,0.8,0.5
329,400,200,40,0.3,0.4,both,FALSE,0.8,1
330,400,200,40,0.3,0.4,both,FALSE,0.8,2
331,400,200,40,0.3,0.7,both,TRUE,0.2,0.5
332,400,200,40,0.3,0.7,both,TRUE,0.2,1
333,400,200,40,0.3,0.7,both,TRUE,0.2,2
334,400,200,40,0.3,0.7,both,TRUE,0.5,0.5
335,400,200,40,0.3,0.7,both,TRUE,0.5,1
336,400,200,40,0.3,0.7,both,TRUE,0.5,2
337,400,200,40,0.3,0.7,both,TRUE,0.8,0.5
338,400,200,40,0.3,0.7,both,TRUE,0.8,1
339,400,200,40,0.3,0.7,both,TRUE,0.8,2
340,400,200,40,0.3,0.7,both,FALSE,0.2,0.5
341,400,200,40,0.3,0.7,both,FALSE,0.2,1
342,400,200,40,0.3,0.7,both,FALSE,0.2,2
343,400,200,40,0.3,0.7,both,FALSE,0.5,0.5
344,400,200,40,0.3,0.7,both,FALSE,0.5,1
345,400,200,40,0.3,0.7,both,FALSE,0.5,2
346,400,200,40,0.3,0.7,both,FALSE,0.8,0.5
347,400,200,40,0.3,0.7,both,FALSE,0.8,1
348,400,200,40,0.3,0.7,both,FALSE,0.8,2
349,400,200,80,0.12,0.05,both,TRUE,0.2,0.5
350,400,200,80,0.12,0.05,both,TRUE,0.2,1
351,400,200,80,0.12,0.05,both,TRUE,0.2,2
352,400,200,80,0.12,0.05,both,TRUE,0.5,0.5
353,400,200,80,0.12,0.05,both,TRUE,0.5,1
354,400,200,80,0.12,0.05,both,TRUE,0.5,2
355,400,200,80,0.12,0.05,both,TRUE,0.8,0.5
356,400,200,80,0.12,0.05,both,TRUE,0.8,1
357,400,200,80,0.12,0.05,both,TRUE,0.8,2
358,400,200,80,0.12,0.05,both,FALSE,0.2,0.5
359,400,200,80,0.12,0.05,both,FALSE,0.2,1
360,400,200,80,0.12,0.05,both,FALSE,0.2,2
361,400,200,80,0.12,0.05,both,FALSE,0.5,0.5
362,400,200,80,0.12,0.05,both,FALSE,0.5,1
363,400,200,80,0.12,0.05,both,FALSE,0.5,2
364,400,200,80,0.12,0.05,both,FALSE,0.8,0.5
365,400,200,80,0.12,0.05,both,FALSE,0.8,1
366,400,200,80,0.12,0.05,both,FALSE,0.8,2
367,400,200,80,0.12,0.4,both,TRUE,0.2,0.5
368,400,200,80,0.12,0.4,both,TRUE,0.2,1
369,400,200,80,0.12,0.4,both,TRUE,0.2,2
370,400,200,80,0.12,0.4,both,TRUE,0.5,0.5
371,400,200,80,0.12,0.4,both,TRUE,0.5,1
372,400,200,80,0.12,0.4,both,TRUE,0.5,2
373,400,200,80,0.12,0.4,both,TRUE,0.8,0.5
374,400,200,80,0.12,0.4,both,TRUE,0.8,1
375,400,200,80,0.12,0.4,both,TRUE,0.8,2
376,400,200,80,0.12,0.4,both,FALSE,0.2,0.5
377,400,200,80,0.12,0.4,both,FALSE,0.2,1
378,400,200,80,0.12,0.4,both,FALSE,0.2,2
379,400,200,80,0.12,0.4,both,FALSE,0.5,0.5
380,400,200,80,0.12,0.4,both,FALSE,0.5,1
381,400,200,80,0.12,0.4,both,FALSE,0.5,2
382,400,200,80,0.12,0.4,both,FALSE,0.8,0.5
383,400,200,80,0.12,0.4,both,FALSE,0.8,1
384,400,200,80,0.12,0.4,both,FALSE,0.8,2
385,400,200,80,0.12,0.7,both,TRUE,0.2,0.5
386,400,200,80,0.12,0.7,both,TRUE,0.2,1
387,400,200,80,0.12,0.7,both,TRUE,0.2,2
388,400,200,80,0.12,0.7,both,TRUE,0.5,0.5
389,400,200,80,0.12,0.7,both,TRUE,0.5,1
390,400,200,80,0.12,0.7,both,TRUE,0.5,2
391,400,200,80,0.12,0.7,both,TRUE,0.8,0.5
392,400,200,80,0.12,0.7,both,TRUE,0.8,1
393,400,200,80,0.12,0.7,both,TRUE,0.8,2
394,400,200,80,0.12,0.7,both,FALSE,0.2,0.5
395,400,200,80,0.12,0.7,both,FALSE,0.2,1
396,400,200,80,0.12,0.7,both,FALSE,0.2,2
397,400,200,80,0.12,0.7,both,FALSE,0.5,0.5
398,400,200,80,0.12,0.7,both,FALSE,0.5,1
399,400,200,80,0.12,0.7,both,FALSE,0.5,2
400,400,200,80,0.12,0.7,both,FALSE,0.8,0.5
401,400,200,80,0.12,0.7,both,FALSE,0.8,1
402,400,200,80,0.12,0.7,both,FALSE,0.8,2
403,400,200,80,0.3,0.05,both,TRUE,0.2,0.5
404,400,200,80,0.3,0.05,both,TRUE,0.2,1
405,400,200,80,0.3,0.05,both,TRUE,0.2,2
406,400,200,80,0.3,0.05,both,TRUE,0.5,0.5
407,400,200,80,0.3,0.05,both,TRUE,0.5,1
408,400,200,80,0.3,0.05,both,TRUE,0.5,2
409,400,200,80,0.3,0.05,both,TRUE,0.8,0.5
410,400,200,80,0.3,0.05,both,TRUE,0.8,1
411,400,200,80,0.3,0.05,both,TRUE,0.8,2
412,400,200,80,0.3,0.05,both,FALSE,0.2,0.5
413,400,200,80,0.3,0.05,both,FALSE,0.2,1
414,400,200,80,0.3,0.05,both,FALSE,0.2,2
415,400,200,80,0.3,0.05,both,FALSE,0.5,0.5
416,400,200,80,0.3,0.05,both,FALSE,0.5,1
417,400,200,80,0.3,0.05,both,FALSE,0.5,2
418,400,200,80,0.3,0.05,both,FALSE,0.8,0.5
419,400,200,80,0.3,0.05,both,FALSE,0.8,1
420,400,200,80,0.3,0.05,both,FALSE,0.8,2
421,400,200,80,0.3,0.4,both,TRUE,0.2,0.5
422,400,200,80,0.3,0.4,both,TRUE,0.2,1
423,400,200,80,0.3,0.4,both,TRUE,0.2,2
424,400,200,80,0.3,0.4,both,TRUE,0.5,0.5
425,400,200,80,0.3,0.4,both,TRUE,0.5,1
426,400,200,80,0.3,0.4,both,TRUE,0.5,2
427,400,200,80,0.3,0.4,both,TRUE,0.8,0.5
428,400,200,80,0.3,0.4,both,TRUE,0.8,1
429,400,200,80,0.3,0.4,both,TRUE,0.8,2
430,400,200,80,0.3,0.4,both,FALSE,0.2,0.5
431,400,200,80,0.3,0.4,both,FALSE,0.2,1
432,400,200,80,0.3,0.4,both,FALSE,0.2,2
433,400,200,80,0.3,0.4,both,FALSE,0.5,0.5
434,400,200,80,0.3,0.4,both,FALSE,0.5,1
435,400,200,80,0.3,0.4,both,FALSE,0.5,2
436,400,200,80,0.3,0.4,both,FALSE,0.8,0.5
437,400,200,80,0.3,0.4,both,FALSE,0.8,1
438,400,200,80,0.3,0.4,both,FALSE,0.8,2
439,400,200,80,0.3,0.7,both,TRUE,0.2,0.5
440,400,200,80,0.3,0.7,both,TRUE,0.2,1
441,400,200,80,0.3,0.7,both,TRUE,0.2,2
442,400,200,80,0.3,0.7,both,TRUE,0.5,0.5
443,400,200,80,0.3,0.7,both,TRUE,0.5,1
444,400,200,80,0.3,0.7,both,TRUE,0.5,2
445,400,200,80,0.3,0.7,both,TRUE,0.8,0.5
446,400,200,80,0.3,0.7,both,TRUE,0.8,1
447,400,200,80,0.3,0.7,both,TRUE,0.8,2
448,400,200,80,0.3,0.7,both,FALSE,0.2,0.5
449,400,200,80,0.3,0.7,both,FALSE,0.2,1
450,400,200,80,0.3,0.7,both,FALSE,0.2,2
451,400,200,80,0.3,0.7,both,FALSE,0.5,0.5
452,400,200,80,0.3,0.7,both,FALSE,0.5,1
453,400,200,80,0.3,0.7,both,FALSE,0.5,2
454,400,200,80,0.3,0.7,both,FALSE,0.8,0.5
455,400,200,80,0.3,0.7,both,FALSE,0.8,1
456,400,200,80,0.3,0.7,both,FALSE,0.8,2
457,400,100,40,0.12,0.05,both,TRUE,0.2,0.5
458,400,100,40,0.12,0.05,both,TRUE,0.2,1
459,400,100,40,0.12,0.05,both,TRUE,0.2,2
460,400,100,40,0.12,0.05,both,TRUE,0.5,0.5
461,400,100,40,0.12,0.05,both,TRUE,0.5,1
462,400,100,40,0.12,0.05,both,TRUE,0.5,2
463,400,100,40,0.12,0.05,both,TRUE,0.8,0.5
464,400,100,40,0.12,0.05,both,TRUE,0.8,1
465,400,100,40,0.12,0.05,both,TRUE,0.8,2
466,400,100,40,0.12,0.05,both,FALSE,0.2,0.5
467,400,100,40,0.12,0.05,both,FALSE,0.2,1
468,400,100,40,0.12,0.05,both,FALSE,0.2,2
469,400,100,40,0.12,0.05,both,FALSE,0.5,0.5
470,400,100,40,0.12,0.05,both,FALSE,0.5,1
471,400,100,40,0.12,0.05,both,FALSE,0.5,2
472,400,100,40,0.12,0.05,both,FALSE,0.8,0.5
473,400,100,40,0.12,0.05,both,FALSE,0.8,1
474,400,100,40,0.12,0.05,both,FALSE,0.8,2
475,400,100,40,0.12,0.4,both,TRUE,0.2,0.5
476,400,100,40,0.12,0.4,both,TRUE,0.2,1
477,400,100,40,0.12,0.4,both,TRUE,0.2,2
478,400,100,40,0.12,0.4,both,TRUE,0.5,0.5
479,400,100,40,0.12,0.4,both,TRUE,0.5,1
480,400,100,40,0.12,0.4,both,TRUE,0.5,2
481,400,100,40,0.12,0.4,both,TRUE,0.8,0.5
482,400,100,40,0.12,0.4,both,TRUE,0.8,1
483,400,100,40,0.12,0.4,both,TRUE,0.8,2
484,400,100,40,0.12,0.4,both,FALSE,0.2,0.5
485,400,100,40,0.12,0.4,both,FALSE,0.2,1
486,400,100,40,0.12,0.4,both,FALSE,0.2,2
487,400,100,40,0.12,0.4,both,FALSE,0.5,0.5
488,400,100,40,0.12,0.4,both,FALSE,0.5,1
489,400,100,40,0.12,0.4,both,FALSE,0.5,2
490,400,100,40,0.12,0.4,both,FALSE,0.8,0.5
491,400,100,40,0.12,0.4,both,FALSE,0.8,1
492,400,100,40,0.12,0.4,both,FALSE,0.8,2
493,400,100,40,0.12,0.7,both,TRUE,0.2,0.5
494,400,100,40,0.12,0.7,both,TRUE,0.2,1
495,400,100,40,0.12,0.7,both,TRUE,0.2,2
496,400,100,40,0.12,0.7,both,TRUE,0.5,0.5
497,400,100,40,0.12,0.7,both,TRUE,0.5,1
498,400,100,40,0.12,0.7,both,TRUE,0.5,2
499,400,100,40,0.12,0.7,both,TRUE,0.8,0.5
500,400,100,40,0.12,0.7,both,TRUE,0.8,1
501,400,100,40,0.12,0.7,both,TRUE,0.8,2
502,400,100,40,0.12,0.7,both,FALSE,0.2,0.5
503,400,100,40,0.12,0.7,both,FALSE,0.2,1
504,400,100,40,0.12,0.7,both,FALSE,0.2,2
505,400,100,40,0.12,0.7,both,FALSE,0.5,0.5
506,400,100,40,0.12,0.7,both,FALSE,0.5,1
507,400,100,40,0.12,0.7,both,FALSE,0.5,2
508,400,100,40,0.12,0.7,both,FALSE,0.8,0.5
509,400,100,40,0.12,0.7,both,FALSE,0.8,1
510,400,100,40,0.12,0.7,both,FALSE,0.8,2
511,400,100,40,0.3,0.05,both,TRUE,0.2,0.5
512,400,100,40,0.3,0.05,both,TRUE,0.2,1
513,400,100,40,0.3,0.05,both,TRUE,0.2,2
514,400,100,40,0.3,0.05,both,TRUE,0.5,0.5
515,400,100,40,0.3,0.05,both,TRUE,0.5,1
516,400,100,40,0.3,0.05,both,TRUE,0.5,2
517,400,100,40,0.3,0.05,both,TRUE,0.8,0.5
518,400,100,40,0.3,0.05,both,TRUE,0.8,1
519,400,100,40,0.3,0.05,both,TRUE,0.8,2
520,400,100,40,0.3,0.05,both,FALSE,0.2,0.5
521,400,100,40,0.3,0.05,both,FALSE,0.2,1
522,400,100,40,0.3,0.05,both,FALSE,0.2,2
523,400,100,40,0.3,0.05,both,FALSE,0.5,0.5
524,400,100,40,0.3,0.05,both,FALSE,0.5,1
525,400,100,40,0.3,0.05,both,FALSE,0.5,2
526,400,100,40,0.3,0.05,both,FALSE,0.8,0.5
527,400,100,40,0.3,0.05,both,FALSE,0.8,1
528,400,100,40,0.3,0.05,both,FALSE,0.8,2
529,400,100,40,0.3,0.4,both,TRUE,0.2,0.5
530,400,100,40,0.3,0.4,both,TRUE,0.2,1
531,400,100,40,0.3,0.4,both,TRUE,0.2,2
532,400,100,40,0.3,0.4,both,TRUE,0.5,0.5
533,400,100,40,0.3,0.4,both,TRUE,0.5,1
534,400,100,40,0.3,0.4,both,TRUE,0.5,2
535,400,100,40,0.3,0.4,both,TRUE,0.8,0.5
536,400,100,40,0.3,0.4,both,TRUE,0.8,1
537,400,100,40,0.3,0.4,both,TRUE,0.8,2
538,400,100,40,0.3,0.4,both,FALSE,0.2,0.5
539,400,100,40,0.3,0.4,both,FALSE,0.2,1
540,400,100,40,0.3,0.4,both,FALSE,0.2,2
541,400,100,40,0.3,0.4,both,FALSE,0.5,0.5
542,400,100,40,0.3,0.4,both,FALSE,0.5,1
543,400,100,40,0.3,0.4,both,FALSE,0.5,2
544,400,100,40,0.3,0.4,both,FALSE,0.8,0.5
545,400,100,40,0.3,0.4,both,FALSE,0.8,1
546,400,100,40,0.3,0.4,both,FALSE,0.8,2
547,400,100,40,0.3,0.7,both,TRUE,0.2,0.5
548,400,100,40,0.3,0.7,both,TRUE,0.2,1
549,400,100,40,0.3,0.7,both,TRUE,0.2,2
550,400,100,40,0.3,0.7,both,TRUE,0.5,0.5
551,400,100,40,0.3,0.7,both,TRUE,0.5,1
552,400,100,40,0.3,0.7,both,TRUE,0.5,2
553,400,100,40,0.3,0.7,both,TRUE,0.8,0.5
554,400,100,40,0.3,0.7,both,TRUE,0.8,1
555,400,100,40,0.3,0.7,both,TRUE,0.8,2
556,400,100,40,0.3,0.7,both,FALSE,0.2,0.5
557,400,100,40,0.3,0.7,both,FALSE,0.2,1
558,400,100,40,0.3,0.7,both,FALSE,0.2,2
559,400,100,40,0.3,0.7,both,FALSE,0.5,0.5
560,400,100,40,0.3,0.7,both,FALSE,0.5,1
561,400,100,40,0.3,0.7,both,FALSE,0.5,2
562,400,100,40,0.3,0.7,both,FALSE,0.8,0.5
563,400,100,40,0.3,0.7,both,FALSE,0.8,1
564,400,100,40,0.3,0.7,both,FALSE,0.8,2
565,400,100,80,0.12,0.05,both,TRUE,0.2,0.5
566,400,100,80,0.12,0.05,both,TRUE,0.2,1
567,400,100,80,0.12,0.05,both,TRUE,0.2,2
568,400,100,80,0.12,0.05,both,TRUE,0.5,0.5
569,400,100,80,0.12,0.05,both,TRUE,0.5,1
570,400,100,80,0.12,0.05,both,TRUE,0.5,2
571,400,100,80,0.12,0.05,both,TRUE,0.8,0.5
572,400,100,80,0.12,0.05,both,TRUE,0.8,1
573,400,100,80,0.12,0.05,both,TRUE,0.8,2
574,400,100,80,0.12,0.05,both,FALSE,0.2,0.5
575,400,100,80,0.12,0.05,both,FALSE,0.2,1
576,400,100,80,0.12,0.05,both,FALSE,0.2,2
577,400,100,80,0.12,0.05,both,FALSE,0.5,0.5
578,400,100,80,0.12,0.05,both,FALSE,0.5,1
579,400,100,80,0.12,0.05,both,FALSE,0.5,2
580,400,100,80,0.12,0.05,both,FALSE,0.8,0.5
581,400,100,80,0.12,0.05,both,FALSE,0.8,1
582,400,100,80,0.12,0.05,both,FALSE,0.8,2
583,400,100,80,0.12,0.4,both,TRUE,0.2,0.5
584,400,100,80,0.12,0.4,both,TRUE,0.2,1
585,400,100,80,0.12,0.4,both,TRUE,0.2,2
586,400,100,80,0.12,0.4,both,TRUE,0.5,0.5
587,400,100,80,0.12,0.4,both,TRUE,0.5,1
588,400,100,80,0.12,0.4,both,TRUE,0.5,2
589,400,100,80,0.12,0.4,both,TRUE,0.8,0.5
590,400,100,80,0.12,0.4,both,TRUE,0.8,1
591,400,100,80,0.12,0.4,both,TRUE,0.8,2
592,400,100,80,0.12,0.4,both,FALSE,0.2,0.5
593,400,100,80,0.12,0.4,both,FALSE,0.2,1
594,400,100,80,0.12,0.4,both,FALSE,0.2,2
595,400,100,80,0.12,0.4,both,FALSE,0.5,0.5
596,400,100,80,0.12,0.4,both,FALSE,0.5,1
597,400,100,80,0.12,0.4,both,FALSE,0.5,2
598,400,100,80,0.12,0.4,both,FALSE,0.8,0.5
599,400,100,80,0.12,0.4,both,FALSE,0.8,1
600,400,100,80,0.12,0.4,both,FALSE,0.8,2
601,400,100,80,0.12,0.7,both,TRUE,0.2,0.5
602,400,100,80,0.12,0.7,both,TRUE,0.2,1
603,400,100,80,0.12,0.7,both,TRUE,0.2,2
604,400,100,80,0.12,0.7,both,TRUE,0.5,0.5
605,400,100,80,0.12,0.7,both,TRUE,0.5,1
606,400,100,80,0.12,0.7,both,TRUE,0.5,2
607,400,100,80,0.12,0.7,both,TRUE,0.8,0.5
608,400,100,80,0.12,0.7,both,TRUE,0.8,1
609,400,100,80,0.12,0.7,both,TRUE,0.8,2
610,400,100,80,0.12,0.7,both,FALSE,0.2,0.5
611,400,100,80,0.12,0.7,both,FALSE,0.2,1
612,400,100,80,0.12,0.7,both,FALSE,0.2,2
613,400,100,80,0.12,0.7,both,FALSE,0.5,0.5
614,400,100,80,0.12,0.7,both,FALSE,0.5,1
615,400,100,80,0.12,0.7,both,FALSE,0.5,2
616,400,100,80,0.12,0.7,both,FALSE,0.8,0.5
617,400,100,80,0.12,0.7,both,FALSE,0.8,1
618,400,100,80,0.12,0.7,both,FALSE,0.8,2
619,400,100,80,0.3,0.05,both,TRUE,0.2,0.5
620,400,100,80,0.3,0.05,both,TRUE,0.2,1
621,400,100,80,0.3,0.05,both,TRUE,0.2,2
622,400,100,80,0.3,0.05,both,TRUE,0.5,0.5
623,400,100,80,0.3,0.05,both,TRUE,0.5,1
624,400,100,80,0.3,0.05,both,TRUE,0.5,2
625,400,100,80,0.3,0.05,both,TRUE,0.8,0.5
626,400,100,80,0.3,0.05,both,TRUE,0.8,1
627,400,100,80,0.3,0.05,both,TRUE,0.8,2
628,400,100,80,0.3,0.05,both,FALSE,0.2,0.5
629,400,100,80,0.3,0.05,both,FALSE,0.2,1
630,400,100,80,0.3,0.05,both,FALSE,0.2,2
631,400,100,80,0.3,0.05,both,FALSE,0.5,0.5
632,400,100,80,0.3,0.05,both,FALSE,0.5,1
633,400,100,80,0.3,0.05,both,FALSE,0.5,2
634,400,100,80,0.3,0.05,both,FALSE,0.8,0.5
635,400,100,80,0.3,0.05,both,FALSE,0.8,1
636,400,100,80,0.3,0.05,both,FALSE,0.8,2
637,400,100,80,0.3,0.4,both,TRUE,0.2,0.5
638,400,100,80,0.3,0.4,both,TRUE,0.2,1
639,400,100,80,0.3,0.4,both,TRUE,0.2,2
640,400,100,80,0.3,0.4,both,TRUE,0.5,0.5
641,400,100,80,0.3,0.4,both,TRUE,0.5,1
642,400,100,80,0.3,0.4,both,TRUE,0.5,2
643,400,100,80,0.3,0.4,both,TRUE,0.8,0.5
644,400,100,80,0.3,0.4,both,TRUE,0.8,1
645,400,100,80,0.3,0.4,both,TRUE,0.8,2
646,400,100,80,0.3,0.4,both,FALSE,0.2,0.5
647,400,100,80,0.3,0.4,both,FALSE,0.2,1
648,400,100,80,0.3,0.4,both,FALSE,0.2,2
649,400,100,80,0.3,0.4,both,FALSE,0.5,0.5
650,400,100,80,0.3,0.4,both,FALSE,0.5,1
651,400,100,80,0.3,0.4,both,FALSE,0.5,2
652,400,100,80,0.3,0.4,both,FALSE,0.8,0.5
653,400,100,80,0.3,0.4,both,FALSE,0.8,1
654,400,100,80,0.3,0.4,both,FALSE,0.8,2
655,400,100,80,0.3,0.7,both,TRUE,0.2,0.5
656,400,100,80,0.3,0.7,both,TRUE,0.2,1
657,400,100,80,0.3,0.7,both,TRUE,0.2,2
658,400,100,80,0.3,0.7,both,TRUE,0.5,0.5
659,400,100,80,0.3,0.7,both,TRUE,0.5,1
660,400,100,80,0.3,0.7,both,TRUE,0.5,2
661,400,100,80,0.3,0.7,both,TRUE,0.8,0.5
662,400,100,80,0.3,0.7,both,TRUE,0.8,1
663,400,100,80,0.3,0.7,both,TRUE,0.8,2
664,400,100,80,0.3,0.7,both,FALSE,0.2,0.5
665,400,100,80,0.3,0.7,both,FALSE,0.2,1
666,400,100,80,0.3,0.7,both,FALSE,0.2,2
667,400,100,80,0.3,0.7,both,FALSE,0.5,0.5
668,400,100,80,0.3,0.7,both,FALSE,0.5,1
669,400,100,80,0.3,0.7,both,FALSE,0.5,2
670,400,100,80,0.3,0.7,both,FALSE,0.8,0.5
671,400,100,80,0.3,0.7,both,FALSE,0.8,1
672,400,100,80,0.3,0.7,both,FALSE,0.8,2
673,2000,2000,40,0.12,0.05,both,TRUE,0.2,0.5
674,2000,2000,40,0.12,0.05,both,TRUE,0.2,1
675,2000,2000,40,0.12,0.05,both,TRUE,0.2,2
676,2000,2000,40,0.12,0.05,both,TRUE,0.5,0.5
677,2000,2000,40,0.12,0.05,both,TRUE,0.5,1
678,2000,2000,40,0.12,0.05,both,TRUE,0.5,2
679,2000,2000,40,0.12,0.05,both,TRUE,0.8,0.5
680,2000,2000,40,0.12,0.05,both,TRUE,0.8,1
681,2000,2000,40,0.12,0.05,both,TRUE,0.8,2
682,2000,2000,40,0.12,0.05,both,FALSE,0.2,0.5
683,2000,2000,40,0.12,0.05,both,FALSE,0.2,1
684,2000,2000,40,0.12,0.05,both,FALSE,0.2,2
685,2000,2000,40,0.12,0.05,both,FALSE,0.5,0.5
686,2000,2000,40,0.12,0.05,both,FALSE,0.5,1
687,2000,2000,40,0.12,0.05,both,FALSE,0.5,2
688,2000,2000,40,0.12,0.05,both,FALSE,0.8,0.5
689,2000,2000,40,0.12,0.05,both,FALSE,0.8,1
690,2000,2000,40,0.12,0.05,both,FALSE,0.8,2
691,2000,2000,40,0.12,0.4,both,TRUE,0.2,0.5
692,2000,2000,40,0.12,0.4,both,TRUE,0.2,1
693,2000,2000,40,0.12,0.4,both,TRUE,0.2,2
694,2000,2000,40,0.12,0.4,both,TRUE,0.5,0.5
695,2000,2000,40,0.12,0.4,both,TRUE,0.5,1
696,2000,2000,40,0.12,0.4,both,TRUE,0.5,2
697,2000,2000,40,0.12,0.4,both,TRUE,0.8,0.5
698,2000,2000,40,0.12,0.4,both,TRUE,0.8,1
699,2000,2000,40,0.12,0.4,both,TRUE,0.8,2
700,2000,2000,40,0.12,0.4,both,FALSE,0.2,0.5
701,2000,2000,40,0.12,0.4,both,FALSE,0.2,1
702,2000,2000,40,0.12,0.4,both,FALSE,0.2,2
703,2000,2000,40,0.12,0.4,both,FALSE,0.5,0.5
704,2000,2000,40,0.12,0.4,both,FALSE,0.5,1
705,2000,2000,40,0.12,0.4,both,FALSE,0.5,2
706,2000,2000,40,0.12,0.4,both,FALSE,0.8,0.5
707,2000,2000,40,0.12,0.4,both,FALSE,0.8,1
708,2000,2000,40,0.12,0.4,both,FALSE,0.8,2
709,2000,2000,40,0.12,0.7,both,TRUE,0.2,0.5
710,2000,2000,40,0.12,0.7,both,TRUE,0.2,1
711,2000,2000,40,0.12,0.7,both,TRUE,0.2,2
712,2000,2000,40,0.12,0.7,both,TRUE,0.5,0.5
713,2000,2000,40,0.12,0.7,both,TRUE,0.5,1
714,2000,2000,40,0.12,0.7,both,TRUE,0.5,2
715,2000,2000,40,0.12,0.7,both,TRUE,0.8,0.5
716,2000,2000,40,0.12,0.7,both,TRUE,0.8,1
717,2000,2000,40,0.12,0.7,both,TRUE,0.8,2
718,2000,2000,40,0.12,0.7,both,FALSE,0.2,0.5
719,2000,2000,40,0.12,0.7,both,FALSE,0.2,1
720,2000,2000,40,0.12,0.7,both,FALSE,0.2,2
721,2000,2000,40,0.12,0.7,both,FALSE,0.5,0.5
722,2000,2000,40,0.12,0.7,both,FALSE,0.5,1
723,2000,2000,40,0.12,0.7,both,FALSE,0.5,2
724,2000,2000,40,0.12,0.7,both,FALSE,0.8,0.5
725,2000,2000,40,0.12,0.7,both,FALSE,0.8,1
726,2000,2000,40,0.12,0.7,both,FALSE,0.8,2
727,2000,2000,40,0.3,0.05,both,TRUE,0.2,0.5
728,2000,2000,40,0.3,0.05,both,TRUE,0.2,1
729,2000,2000,40,0.3,0.05,both,TRUE,0.2,2
730,2000,2000,40,0.3,0.05,both,TRUE,0.5,0.5
731,2000,2000,40,0.3,0.05,both,TRUE,0.5,1
732,2000,2000,40,0.3,0.05,both,TRUE,0.5,2
733,2000,2000,40,0.3,0.05,both,TRUE,0.8,0.5
734,2000,2000,40,0.3,0.05,both,TRUE,0.8,1
735,2000,2000,40,0.3,0.05,both,TRUE,0.8,2
736,2000,2000,40,0.3,0.05,both,FALSE,0.2,0.5
737,2000,2000,40,0.3,0.05,both,FALSE,0.2,1
738,2000,2000,40,0.3,0.05,both,FALSE,0.2,2
739,2000,2000,40,0.3,0.05,both,FALSE,0.5,0.5
740,2000,2000,40,0.3,0.05,both,FALSE,0.5,1
741,2000,2000,40,0.3,0.05,both,FALSE,0.5,2
742,2000,2000,40,0.3,0.05,both,FALSE,0.8,0.5
743,2000,2000,40,0.3,0.05,both,FALSE,0.8,1
744,2000,2000,40,0.3,0.05,both,FALSE,0.8,2
745,2000,2000,40,0.3,0.4,both,TRUE,0.2,0.5
746,2000,2000,40,0.3,0.4,both,TRUE,0.2,1
747,2000,2000,40,0.3,0.4,both,TRUE,0.2,2
748,2000,2000,40,0.3,0.4,both,TRUE,0.5,0.5
749,2000,2000,40,0.3,0.4,both,TRUE,0.5,1
750,2000,2000,40,0.3,0.4,both,TRUE,0.5,2
751,2000,2000,40,0.3,0.4,both,TRUE,0.8,0.5
752,2000,2000,40,0.3,0.4,both,TRUE,0.8,1
753,2000,2000,40,0.3,0.4,both,TRUE,0.8,2
754,2000,2000,40,0.3,0.4,both,FALSE,0.2,0.5
755,2000,2000,40,0.3,0.4,both,FALSE,0.2,1
756,2000,2000,40,0.3,0.4,both,FALSE,0.2,2
757,2000,2000,40,0.3,0.4,both,FALSE,0.5,0.5
758,2000,2000,40,0.3,0.4,both,FALSE,0.5,1
759,2000,2000,40,0.3,0.4,both,FALSE,0.5,2
760,2000,2000,40,0.3,0.4,both,FALSE,0.8,0.5
761,2000,2000,40,0.3,0.4,both,FALSE,0.8,1
762,2000,2000,40,0.3,0.4,both,FALSE,0.8,2
763,2000,2000,40,0.3,0.7,both,TRUE,0.2,0.5
764,2000,2000,40,0.3,0.7,both,TRUE,0.2,1
765,2000,2000,40,0.3,0.7,both,TRUE,0.2,2
766,2000,2000,40,0.3,0.7,both,TRUE,0.5,0.5
767,2000,2000,40,0.3,0.7,both,TRUE,0.5,1
768,2000,2000,40,0.3,0.7,both,TRUE,0.5,2
769,2000,2000,40,0.3,0.7,both,TRUE,0.8,0.5
770,2000,2000,40,0.3,0.7,both,TRUE,0.8,1
771,2000,2000,40,0.3,0.7,both,TRUE,0.8,2
772,2000,2000,40,0.3,0.7,both,FALSE,0.2,0.5
773,2000,2000,40,0.3,0.7,both,FALSE,0.2,1
774,2000,2000,40,0.3,0.7,both,FALSE,0.2,2
775,2000,2000,40,0.3,0.7,both,FALSE,0.5,0.5
776,2000,2000,40,0.3,0.7,both,FALSE,0.5,1
777,2000,2000,40,0.3,0.7,both,FALSE,0.5,2
778,2000,2000,40,0.3,0.7,both,FALSE,0.8,0.5
779,2000,2000,40,0.3,0.7,both,FALSE,0.8,1
780,2000,2000,40,0.3,0.7,both,FALSE,0.8,2
781,2000,2000,80,0.12,0.05,both,TRUE,0.2,0.5
782,2000,2000,80,0.12,0.05,both,TRUE,0.2,1
783,2000,2000,80,0.12,0.05,both,TRUE,0.2,2
784,2000,2000,80,0.12,0.05,both,TRUE,0.5,0.5
785,2000,2000,80,0.12,0.05,both,TRUE,0.5,1
786,2000,2000,80,0.12,0.05,both,TRUE,0.5,2
787,2000,2000,80,0.12,0.05,both,TRUE,0.8,0.5
788,2000,2000,80,0.12,0.05,both,TRUE,0.8,1
789,2000,2000,80,0.12,0.05,both,TRUE,0.8,2
790,2000,2000,80,0.12,0.05,both,FALSE,0.2,0.5
791,2000,2000,80,0.12,0.05,both,FALSE,0.2,1
792,2000,2000,80,0.12,0.05,both,FALSE,0.2,2
793,2000,2000,80,0.12,0.05,both,FALSE,0.5,0.5
794,2000,2000,80,0.12,0.05,both,FALSE,0.5,1
795,2000,2000,80,0.12,0.05,both,FALSE,0.5,2
796,2000,2000,80,0.12,0.05,both,FALSE,0.8,0.5
797,2000,2000,80,0.12,0.05,both,FALSE,0.8,1
798,2000,2000,80,0.12,0.05,both,FALSE,0.8,2
799,2000,2000,80,0.12,0.4,both,TRUE,0.2,0.5
800,2000,2000,80,0.12,0.4,both,TRUE,0.2,1
801,2000,2000,80,0.12,0.4,both,TRUE,0.2,2
802,2000,2000,80,0.12,0.4,both,TRUE,0.5,0.5
803,2000,2000,80,0.12,0.4,both,TRUE,0.5,1
804,2000,2000,80,0.12,0.4,both,TRUE,0.5,2
805,2000,2000,80,0.12,0.4,both,TRUE,0.8,0.5
806,2000,2000,80,0.12,0.4,both,TRUE,0.8,1
807,2000,2000,80,0.12,0.4,both,TRUE,0.8,2
808,2000,2000,80,0.12,0.4,both,FALSE,0.2,0.5
809,2000,2000,80,0.12,0.4,both,FALSE,0.2,1
810,2000,2000,80,0.12,0.4,both,FALSE,0.2,2
811,2000,2000,80,0.12,0.4,both,FALSE,0.5,0.5
812,2000,2000,80,0.12,0.4,both,FALSE,0.5,1
813,2000,2000,80,0.12,0.4,both,FALSE,0.5,2
814,2000,2000,80,0.12,0.4,both,FALSE,0.8,0.5
815,2000,2000,80,0.12,0.4,both,FALSE,0.8,1
816,2000,2000,80,0.12,0.4,both,FALSE,0.8,2
817,2000,2000,80,0.12,0.7,both,TRUE,0.2,0.5
818,2000,2000,80,0.12,0.7,both,TRUE,0.2,1
819,2000,2000,80,0.12,0.7,both,TRUE,0.2,2
820,2000,2000,80,0.12,0.7,both,TRUE,0.5,0.5
821,2000,2000,80,0.12,0.7,both,TRUE,0.5,1
822,2000,2000,80,0.12,0.7,both,TRUE,0.5,2
823,2000,2000,80,0.12,0.7,both,TRUE,0.8,0.5
824,2000,2000,80,0.12,0.7,both,TRUE,0.8,1
825,2000,2000,80,0.12,0.7,both,TRUE,0.8,2
826,2000,2000,80,0.12,0.7,both,FALSE,0.2,0.5
827,2000,2000,80,0.12,0.7,both,FALSE,0.2,1
828,2000,2000,80,0.12,0.7,both,FALSE,0.2,2
829,2000,2000,80,0.12,0.7,both,FALSE,0.5,0.5
830,2000,2000,80,0.12,0.7,both,FALSE,0.5,1
831,2000,2000,80,0.12,0.7,both,FALSE,0.5,2
832,2000,2000,80,0.12,0.7,both,FALSE,0.8,0.5
833,2000,2000,80,0.12,0.7,both,FALSE,0.8,1
834,2000,2000,80,0.12,0.7,both,FALSE,0.8,2
835,2000,2000,80,0.3,0.05,both,TRUE,0.2,0.5
836,2000,2000,80,0.3,0.05,both,TRUE,0.2,1
837,2000,2000,80,0.3,0.05,both,TRUE,0.2,2
838,2000,2000,80,0.3,0.05,both,TRUE,0.5,0.5
839,2000,2000,80,0.3,0.05,both,TRUE,0.5,1
840,2000,2000,80,0.3,0.05,both,TRUE,0.5,2
841,2000,2000,80,0.3,0.05,both,TRUE,0.8,0.5
842,2000,2000,80,0.3,0.05,both,TRUE,0.8,1
843,2000,2000,80,0.3,0.05,both,TRUE,0.8,2
844,2000,2000,80,0.3,0.05,both,FALSE,0.2,0.5
845,2000,2000,80,0.3,0.05,both,FALSE,0.2,1
846,2000,2000,80,0.3,0.05,both,FALSE,0.2,2
847,2000,2000,80,0.3,0.05,both,FALSE,0.5,0.5
848,2000,2000,80,0.3,0.05,both,FALSE,0.5,1
849,2000,2000,80,0.3,0.05,both,FALSE,0.5,2
850,2000,2000,80,0.3,0.05,both,FALSE,0.8,0.5
851,2000,2000,80,0.3,0.05,both,FALSE,0.8,1
852,2000,2000,80,0.3,0.05,both,FALSE,0.8,2
853,2000,2000,80,0.3,0.4,both,TRUE,0.2,0.5
854,2000,2000,80,0.3,0.4,both,TRUE,0.2,1
855,2000,2000,80,0.3,0.4,both,TRUE,0.2,2
856,2000,2000,80,0.3,0.4,both,TRUE,0.5,0.5
857,2000,2000,80,0.3,0.4,both,TRUE,0.5,1
858,2000,2000,80,0.3,0.4,both,TRUE,0.5,2
859,2000,2000,80,0.3,0.4,both,TRUE,0.8,0.5
860,2000,2000,80,0.3,0.4,both,TRUE,0.8,1
861,2000,2000,80,0.3,0.4,both,TRUE,0.8,2
862,2000,2000,80,0.3,0.4,both,FALSE,0.2,0.5
863,2000,2000,80,0.3,0.4,both,FALSE,0.2,1
864,2000,2000,80,0.3,0.4,both,FALSE,0.2,2
865,2000,2000,80,0.3,0.4,both,FALSE,0.5,0.5
866,2000,2000,80,0.3,0.4,both,FALSE,0.5,1
867,2000,2000,80,0.3,0.4,both,FALSE,0.5,2
868,2000,2000,80,0.3,0.4,both,FALSE,0.8,0.5
869,2000,2000,80,0.3,0.4,both,FALSE,0.8,1
870,2000,2000,80,0.3,0.4,both,FALSE,0.8,2
871,2000,2000,80,0.3,0.7,both,TRUE,0.2,0.5
872,2000,2000,80,0.3,0.7,both,TRUE,0.2,1
873,2000,2000,80,0.3,0.7,both,TRUE,0.2,2
874,2000,2000,80,0.3,0.7,both,TRUE,0.5,0.5
875,2000,2000,80,0.3,0.7,both,TRUE,0.5,1
876,2000,2000,80,0.3,0.7,both,TRUE,0.5,2
877,2000,2000,80,0.3,0.7,both,TRUE,0.8,0.5
878,2000,2000,80,0.3,0.7,both,TRUE,0.8,1
879,2000,2000,80,0.3,0.7,both,TRUE,0.8,2
880,2000,2000,80,0.3,0.7,both,FALSE,0.2,0.5
881,2000,2000,80,0.3,0.7,both,FALSE,0.2,1
882,2000,2000,80,0.3,0.7,both,FALSE,0.2,2
883,2000,2000,80,0.3,0.7,both,FALSE,0.5,0.5
884,2000,2000,80,0.3,0.7,both,FALSE,0.5,1
885,2000,2000,80,0.3,0.7,both,FALSE,0.5,2
886,2000,2000,80,0.3,0.7,both,FALSE,0.8,0.5
887,2000,2000,80,0.3,0.7,both,FALSE,0.8,1
888,2000,2000,80,0.3,0.7,both,FALSE,0.8,2
889,2000,1000,40,0.12,0.05,both,TRUE,0.2,0.5
890,2000,1000,40,0.12,0.05,both,TRUE,0.2,1
891,2000,1000,40,0.12,0.05,both,TRUE,0.2,2
892,2000,1000,40,0.12,0.05,both,TRUE,0.5,0.5
893,2000,1000,40,0.12,0.05,both,TRUE,0.5,1
894,2000,1000,40,0.12,0.05,both,TRUE,0.5,2
895,2000,1000,40,0.12,0.05,both,TRUE,0.8,0.5
896,2000,1000,40,0.12,0.05,both,TRUE,0.8,1
897,2000,1000,40,0.12,0.05,both,TRUE,0.8,2
898,2000,1000,40,0.12,0.05,both,FALSE,0.2,0.5
899,2000,1000,40,0.12,0.05,both,FALSE,0.2,1
900,2000,1000,40,0.12,0.05,both,FALSE,0.2,2
901,2000,1000,40,0.12,0.05,both,FALSE,0.5,0.5
902,2000,1000,40,0.12,0.05,both,FALSE,0.5,1
903,2000,1000,40,0.12,0.05,both,FALSE,0.5,2
904,2000,1000,40,0.12,0.05,both,FALSE,0.8,0.5
905,2000,1000,40,0.12,0.05,both,FALSE,0.8,1
906,2000,1000,40,0.12,0.05,both,FALSE,0.8,2
907,2000,1000,40,0.12,0.4,both,TRUE,0.2,0.5
908,2000,1000,40,0.12,0.4,both,TRUE,0.2,1
909,2000,1000,40,0.12,0.4,both,TRUE,0.2,2
910,2000,1000,40,0.12,0.4,both,TRUE,0.5,0.5
911,2000,1000,40,0.12,0.4,both,TRUE,0.5,1
912,2000,1000,40,0.12,0.4,both,TRUE,0.5,2
913,2000,1000,40,0.12,0.4,both,TRUE,0.8,0.5
914,2000,1000,40,0.12,0.4,both,TRUE,0.8,1
915,2000,1000,40,0.12,0.4,both,TRUE,0.8,2
916,2000,1000,40,0.12,0.4,both,FALSE,0.2,0.5
917,2000,1000,40,0.12,0.4,both,FALSE,0.2,1
918,2000,1000,40,0.12,0.4,both,FALSE,0.2,2
919,2000,1000,40,0.12,0.4,both,FALSE,0.5,0.5
920,2000,1000,40,0.12,0.4,both,FALSE,0.5,1
921,2000,1000,40,0.12,0.4,both,FALSE,0.5,2
922,2000,1000,40,0.12,0.4,both,FALSE,0.8,0.5
923,2000,1000,40,0.12,0.4,both,FALSE,0.8,1
924,2000,1000,40,0.12,0.4,both,FALSE,0.8,2
925,2000,1000,40,0.12,0.7,both,TRUE,0.2,0.5
926,2000,1000,40,0.12,0.7,both,TRUE,0.2,1
927,2000,1000,40,0.12,0.7,both,TRUE,0.2,2
928,2000,1000,40,0.12,0.7,both,TRUE,0.5,0.5
929,2000,1000,40,0.12,0.7,both,TRUE,0.5,1
930,2000,1000,40,0.12,0.7,both,TRUE,0.5,2
931,2000,1000,40,0.12,0.7,both,TRUE,0.8,0.5
932,2000,1000,40,0.12,0.7,both,TRUE,0.8,1
933,2000,1000,40,0.12,0.7,both,TRUE,0.8,2
934,2000,1000,40,0.12,0.7,both,FALSE,0.2,0.5
935,2000,1000,40,0.12,0.7,both,FALSE,0.2,1
936,2000,1000,40,0.12,0.7,both,FALSE,0.2,2
937,2000,1000,40,0.12,0.7,both,FALSE,0.5,0.5
938,2000,1000,40,0.12,0.7,both,FALSE,0.5,1
939,2000,1000,40,0.12,0.7,both,FALSE,0.5,2
940,2000,1000,40,0.12,0.7,both,FALSE,0.8,0.5
941,2000,1000,40,0.12,0.7,both,FALSE,0.8,1
942,2000,1000,40,0.12,0.7,both,FALSE,0.8,2
943,2000,1000,40,0.3,0.05,both,TRUE,0.2,0.5
944,2000,1000,40,0.3,0.05,both,TRUE,0.2,1
945,2000,1000,40,0.3,0.05,both,TRUE,0.2,2
946,2000,1000,40,0.3,0.05,both,TRUE,0.5,0.5
947,2000,1000,40,0.3,0.05,both,TRUE,0.5,1
948,2000,1000,40,0.3,0.05,both,TRUE,0.5,2
949,2000,1000,40,0.3,0.05,both,TRUE,0.8,0.5
950,2000,1000,40,0.3,0.05,both,TRUE,0.8,1
951,2000,1000,40,0.3,0.05,both,TRUE,0.8,2
952,2000,1000,40,0.3,0.05,both,FALSE,0.2,0.5
953,2000,1000,40,0.3,0.05,both,FALSE,0.2,1
954,2000,1000,40,0.3,0.05,both,FALSE,0.2,2
955,2000,1000,40,0.3,0.05,both,FALSE,0.5,0.5
956,2000,1000,40,0.3,0.05,both,FALSE,0.5,1
957,2000,1000,40,0.3,0.05,both,FALSE,0.5,2
958,2000,1000,40,0.3,0.05,both,FALSE,0.8,0.5
959,2000,1000,40,0.3,0.05,both,FALSE,0.8,1
960,2000,1000,40,0.3,0.05,both,FALSE,0.8,2
961,2000,1000,40,0.3,0.4,both,TRUE,0.2,0.5
962,2000,1000,40,0.3,0.4,both,TRUE,0.2,1
963,2000,1000,40,0.3,0.4,both,TRUE,0.2,2
964,2000,1000,40,0.3,0.4,both,TRUE,0.5,0.5
965,2000,1000,40,0.3,0.4,both,TRUE,0.5,1
966,2000,1000,40,0.3,0.4,both,TRUE,0.5,2
967,2000,1000,40,0.3,0.4,both,TRUE,0.8,0.5
968,2000,1000,40,0.3,0.4,both,TRUE,0.8,1
969,2000,1000,40,0.3,0.4,both,TRUE,0.8,2
970,2000,1000,40,0.3,0.4,both,FALSE,0.2,0.5
971,2000,1000,40,0.3,0.4,both,FALSE,0.2,1
972,2000,1000,40,0.3,0.4,both,FALSE,0.2,2
973,2000,1000,40,0.3,0.4,both,FALSE,0.5,0.5
974,2000,1000,40,0.3,0.4,both,FALSE,0.5,1
975,2000,1000,40,0.3,0.4,both,FALSE,0.5,2
976,2000,1000,40,0.3,0.4,both,FALSE,0.8,0.5
977,2000,1000,40,0.3,0.4,both,FALSE,0.8,1
978,2000,1000,40,0.3,0.4,both,FALSE,0.8,2
979,2000,1000,40,0.3,0.7,both,TRUE,0.2,0.5
980,2000,1000,40,0.3,0.7,both,TRUE,0.2,1
981,2000,1000,40,0.3,0.7,both,TRUE,0.2,2
982,2000,1000,40,0.3,0.7,both,TRUE,0.5,0.5
983,2000,1000,40,0.3,0.7,both,TRUE,0.5,1
984,2000,1000,40,0.3,0.7,both,TRUE,0.5,2
985,2000,1000,40,0.3,0.7,both,TRUE,0.8,0.5
986,2000,1000,40,0.3,0.7,both,TRUE,0.8,1
987,2000,1000,40,0.3,0.7,both,TRUE,0.8,2
988,2000,1000,40,0.3,0.7,both,FALSE,0.2,0.5
989,2000,1000,40,0.3,0.7,both,FALSE,0.2,1
990,2000,1000,40,0.3,0.7,both,FALSE,0.2,2
991,2000,1000,40,0.3,0.7,both,FALSE,0.5,0.5
992,2000,1000,40,0.3,0.7,both,FALSE,0.5,1
993,2000,1000,40,0.3,0.7,both,FALSE,0.5,2
994,2000,1000,40,0.3,0.7,both,FALSE,0.8,0.5
995,2000,1000,40,0.3,0.7,both,FALSE,0.8,1
996,2000,1000,40,0.3,0.7,both,FALSE,0.8,2
997,2000,1000,80,0.12,0.05,both,TRUE,0.2,0.5
998,2000,1000,80,0.12,0.05,both,TRUE,0.2,1
999,2000,1000,80,0.12,0.05,both,TRUE,0.2,2
1000,2000,1000,80,0.12,0.05,both,TRUE,0.5,0.5
1001,2000,1000,80,0.12,0.05,both,TRUE,0.5,1
1002,2000,1000,80,0.12,0.05,both,TRUE,0.5,2
1003,2000,1000,80,0.12,0.05,both,TRUE,0.8,0.5
1004,2000,1000,80,0.12,0.05,both,TRUE,0.8,1
1005,2000,1000,80,0.12,0.05,both,TRUE,0.8,2
1006,2000,1000,80,0.12,0.05,both,FALSE,0.2,0.5
1007,2000,1000,80,0.12,0.05,both,FALSE,0.2,1
1008,2000,1000,80,0.12,0.05,both,FALSE,0.2,2
1009,2000,1000,80,0.12,0.05,both,FALSE,0.5,0.5
1010,2000,1000,80,0.12,0.05,both,FALSE,0.5,1
1011,2000,1000,80,0.12,0.05,both,FALSE,0.5,2
1012,2000,1000,80,0.12,0.05,both,FALSE,0.8,0.5
1013,2000,1000,80,0.12,0.05,both,FALSE,0.8,1
1014,2000,1000,80,0.12,0.05,both,FALSE,0.8,2
1015,2000,1000,80,0.12,0.4,both,TRUE,0.2,0.5
1016,2000,1000,80,0.12,0.4,both,TRUE,0.2,1
1017,2000,1000,80,0.12,0.4,both,TRUE,0.2,2
1018,2000,1000,80,0.12,0.4,both,TRUE,0.5,0.5
1019,2000,1000,80,0.12,0.4,both,TRUE,0.5,1
1020,2000,1000,80,0.12,0.4,both,TRUE,0.5,2
1021,2000,1000,80,0.12,0.4,both,TRUE,0.8,0.5
1022,2000,1000,80,0.12,0.4,both,TRUE,0.8,1
1023,2000,1000,80,0.12,0.4,both,TRUE,0.8,2
1024,2000,1000,80,0.12,0.4,both,FALSE,0.2,0.5
1025,2000,1000,80,0.12,0.4,both,FALSE,0.2,1
1026,2000,1000,80,0.12,0.4,both,FALSE,0.2,2
1027,2000,1000,80,0.12,0.4,both,FALSE,0.5,0.5
1028,2000,1000,80,0.12,0.4,both,FALSE,0.5,1
1029,2000,1000,80,0.12,0.4,both,FALSE,0.5,2
1030,2000,1000,80,0.12,0.4,both,FALSE,0.8,0.5
1031,2000,1000,80,0.12,0.4,both,FALSE,0.8,1
1032,2000,1000,80,0.12,0.4,both,FALSE,0.8,2
1033,2000,1000,80,0.12,0.7,both,TRUE,0.2,0.5
1034,2000,1000,80,0.12,0.7,both,TRUE,0.2,1
1035,2000,1000,80,0.12,0.7,both,TRUE,0.2,2
1036,2000,1000,80,0.12,0.7,both,TRUE,0.5,0.5
1037,2000,1000,80,0.12,0.7,both,TRUE,0.5,1
1038,2000,1000,80,0.12,0.7,both,TRUE,0.5,2
1039,2000,1000,80,0.12,0.7,both,TRUE,0.8,0.5
1040,2000,1000,80,0.12,0.7,both,TRUE,0.8,1
1041,2000,1000,80,0.12,0.7,both,TRUE,0.8,2
1042,2000,1000,80,0.12,0.7,both,FALSE,0.2,0.5
1043,2000,1000,80,0.12,0.7,both,FALSE,0.2,1
1044,2000,1000,80,0.12,0.7,both,FALSE,0.2,2
1045,2000,1000,80,0.12,0.7,both,FALSE,0.5,0.5
1046,2000,1000,80,0.12,0.7,both,FALSE,0.5,1
1047,2000,1000,80,0.12,0.7,both,FALSE,0.5,2
1048,2000,1000,80,0.12,0.7,both,FALSE,0.8,0.5
1049,2000,1000,80,0.12,0.7,both,FALSE,0.8,1
1050,2000,1000,80,0.12,0.7,both,FALSE,0.8,2
1051,2000,1000,80,0.3,0.05,both,TRUE,0.2,0.5
1052,2000,1000,80,0.3,0.05,both,TRUE,0.2,1
1053,2000,1000,80,0.3,0.05,both,TRUE,0.2,2
1054,2000,1000,80,0.3,0.05,both,TRUE,0.5,0.5
1055,2000,1000,80,0.3,0.05,both,TRUE,0.5,1
1056,2000,1000,80,0.3,0.05,both,TRUE,0.5,2
1057,2000,1000,80,0.3,0.05,both,TRUE,0.8,0.5
1058,2000,1000,80,0.3,0.05,both,TRUE,0.8,1
1059,2000,1000,80,0.3,0.05,both,TRUE,0.8,2
1060,2000,1000,80,0.3,0.05,both,FALSE,0.2,0.5
1061,2000,1000,80,0.3,0.05,both,FALSE,0.2,1
1062,2000,1000,80,0.3,0.05,both,FALSE,0.2,2
1063,2000,1000,80,0.3,0.05,both,FALSE,0.5,0.5
1064,2000,1000,80,0.3,0.05,both,FALSE,0.5,1
1065,2000,1000,80,0.3,0.05,both,FALSE,0.5,2
1066,2000,1000,80,0.3,0.05,both,FALSE,0.8,0.5
1067,2000,1000,80,0.3,0.05,both,FALSE,0.8,1
1068,2000,1000,80,0.3,0.05,both,FALSE,0.8,2
1069,2000,1000,80,0.3,0.4,both,TRUE,0.2,0.5
1070,2000,1000,80,0.3,0.4,both,TRUE,0.2,1
1071,2000,1000,80,0.3,0.4,both,TRUE,0.2,2
1072,2000,1000,80,0.3,0.4,both,TRUE,0.5,0.5
1073,2000,1000,80,0.3,0.4,both,TRUE,0.5,1
1074,2000,1000,80,0.3,0.4,both,TRUE,0.5,2
1075,2000,1000,80,0.3,0.4,both,TRUE,0.8,0.5
1076,2000,1000,80,0.3,0.4,both,TRUE,0.8,1
1077,2000,1000,80,0.3,0.4,both,TRUE,0.8,2
1078,2000,1000,80,0.3,0.4,both,FALSE,0.2,0.5
1079,2000,1000,80,0.3,0.4,both,FALSE,0.2,1
1080,2000,1000,80,0.3,0.4,both,FALSE,0.2,2
1081,2000,1000,80,0.3,0.4,both,FALSE,0.5,0.5
1082,2000,1000,80,0.3,0.4,both,FALSE,0.5,1
1083,2000,1000,80,0.3,0.4,both,FALSE,0.5,2
1084,2000,1000,80,0.3,0.4,both,FALSE,0.8,0.5
1085,2000,1000,80,0.3,0.4,both,FALSE,0.8,1
1086,2000,1000,80,0.3,0.4,both,FALSE,0.8,2
1087,2000,1000,80,0.3,0.7,both,TRUE,0.2,0.5
1088,2000,1000,80,0.3,0.7,both,TRUE,0.2,1
1089,2000,1000,80,0.3,0.7,both,TRUE,0.2,2
1090,2000,1000,80,0.3,0.7,both,TRUE,0.5,0.5
1091,2000,1000,80,0.3,0.7,both,TRUE,0.5,1
1092,2000,1000,80,0.3,0.7,both,TRUE,0.5,2
1093,2000,1000,80,0.3,0.7,both,TRUE,0.8,0.5
1094,2000,1000,80,0.3,0.7,both,TRUE,0.8,1
1095,2000,1000,80,0.3,0.7,both,TRUE,0.8,2
1096,2000,1000,80,0.3,0.7,both,FALSE,0.2,0.5
1097,2000,1000,80,0.3,0.7,both,FALSE,0.2,1
1098,2000,1000,80,0.3,0.7,both,FALSE,0.2,2
1099,2000,1000,80,0.3,0.7,both,FALSE,0.5,0.5
1100,2000,1000,80,0.3,0.7,both,FALSE,0.5,1
1101,2000,1000,80,0.3,0.7,both,FALSE,0.5,2
1102,2000,1000,80,0.3,0.7,both,FALSE,0.8,0.5
1103,2000,1000,80,0.3,0.7,both,FALSE,0.8,1
1104,2000,1000,80,0.3,0.7,both,FALSE,0.8,2
1105,2000,500,40,0.12,0.05,both,TRUE,0.2,0.5
1106,2000,500,40,0.12,0.05,both,TRUE,0.2,1
1107,2000,500,40,0.12,0.05,both,TRUE,0.2,2
1108,2000,500,40,0.12,0.05,both,TRUE,0.5,0.5
1109,2000,500,40,0.12,0.05,both,TRUE,0.5,1
1110,2000,500,40,0.12,0.05,both,TRUE,0.5,2
1111,2000,500,40,0.12,0.05,both,TRUE,0.8,0.5
1112,2000,500,40,0.12,0.05,both,TRUE,0.8,1
1113,2000,500,40,0.12,0.05,both,TRUE,0.8,2
1114,2000,500,40,0.12,0.05,both,FALSE,0.2,0.5
1115,2000,500,40,0.12,0.05,both,FALSE,0.2,1
1116,2000,500,40,0.12,0.05,both,FALSE,0.2,2
1117,2000,500,40,0.12,0.05,both,FALSE,0.5,0.5
1118,2000,500,40,0.12,0.05,both,FALSE,0.5,1
1119,2000,500,40,0.12,0.05,both,FALSE,0.5,2
1120,2000,500,40,0.12,0.05,both,FALSE,0.8,0.5
1121,2000,500,40,0.12,0.05,both,FALSE,0.8,1
1122,2000,500,40,0.12,0.05,both,FALSE,0.8,2
1123,2000,500,40,0.12,0.4,both,TRUE,0.2,0.5
1124,2000,500,40,0.12,0.4,both,TRUE,0.2,1
1125,2000,500,40,0.12,0.4,both,TRUE,0.2,2
1126,2000,500,40,0.12,0.4,both,TRUE,0.5,0.5
1127,2000,500,40,0.12,0.4,both,TRUE,0.5,1
1128,2000,500,40,0.12,0.4,both,TRUE,0.5,2
1129,2000,500,40,0.12,0.4,both,TRUE,0.8,0.5
1130,2000,500,40,0.12,0.4,both,TRUE,0.8,1
1131,2000,500,40,0.12,0.4,both,TRUE,0.8,2
1132,2000,500,40,0.12,0.4,both,FALSE,0.2,0.5
1133,2000,500,40,0.12,0.4,both,FALSE,0.2,1
1134,2000,500,40,0.12,0.4,both,FALSE,0.2,2
1135,2000,500,40,0.12,0.4,both,FALSE,0.5,0.5
1136,2000,500,40,0.12,0.4,both,FALSE,0.5,1
1137,2000,500,40,0.12,0.4,both,FALSE,0.5,2
1138,2000,500,40,0.12,0.4,both,FALSE,0.8,0.5
1139,2000,500,40,0.12,0.4,both,FALSE,0.8,1
1140,2000,500,40,0.12,0.4,both,FALSE,0.8,2
1141,2000,500,40,0.12,0.7,both,TRUE,0.2,0.5
1142,2000,500,40,0.12,0.7,both,TRUE,0.2,1
1143,2000,500,40,0.12,0.7,both,TRUE,0.2,2
1144,2000,500,40,0.12,0.7,both,TRUE,0.5,0.5
1145,2000,500,40,0.12,0.7,both,TRUE,0.5,1
1146,2000,500,40,0.12,0.7,both,TRUE,0.5,2
1147,2000,500,40,0.12,0.7,both,TRUE,0.8,0.5
1148,2000,500,40,0.12,0.7,both,TRUE,0.8,1
1149,2000,500,40,0.12,0.7,both,TRUE,0.8,2
1150,2000,500,40,0.12,0.7,both,FALSE,0.2,0.5
1151,2000,500,40,0.12,0.7,both,FALSE,0.2,1
1152,2000,500,40,0.12,0.7,both,FALSE,0.2,2
1153,2000,500,40,0.12,0.7,both,FALSE,0.5,0.5
1154,2000,500,40,0.12,0.7,both,FALSE,0.5,1
1155,2000,500,40,0.12,0.7,both,FALSE,0.5,2
1156,2000,500,40,0.12,0.7,both,FALSE,0.8,0.5
1157,2000,500,40,0.12,0.7,both,FALSE,0.8,1
1158,2000,500,40,0.12,0.7,both,FALSE,0.8,2
1159,2000,500,40,0.3,0.05,both,TRUE,0.2,0.5
1160,2000,500,40,0.3,0.05,both,TRUE,0.2,1
1161,2000,500,40,0.3,0.05,both,TRUE,0.2,2
1162,2000,500,40,0.3,0.05,both,TRUE,0.5,0.5
1163,2000,500,40,0.3,0.05,both,TRUE,0.5,1
1164,2000,500,40,0.3,0.05,both,TRUE,0.5,2
1165,2000,500,40,0.3,0.05,both,TRUE,0.8,0.5
1166,2000,500,40,0.3,0.05,both,TRUE,0.8,1
1167,2000,500,40,0.3,0.05,both,TRUE,0.8,2
1168,2000,500,40,0.3,0.05,both,FALSE,0.2,0.5
1169,2000,500,40,0.3,0.05,both,FALSE,0.2,1
1170,2000,500,40,0.3,0.05,both,FALSE,0.2,2
1171,2000,500,40,0.3,0.05,both,FALSE,0.5,0.5
1172,2000,500,40,0.3,0.05,both,FALSE,0.5,1
1173,2000,500,40,0.3,0.05,both,FALSE,0.5,2
1174,2000,500,40,0.3,0.05,both,FALSE,0.8,0.5
1175,2000,500,40,0.3,0.05,both,FALSE,0.8,1
1176,2000,500,40,0.3,0.05,both,FALSE,0.8,2
1177,2000,500,40,0.3,0.4,both,TRUE,0.2,0.5
1178,2000,500,40,0.3,0.4,both,TRUE,0.2,1
1179,2000,500,40,0.3,0.4,both,TRUE,0.2,2
1180,2000,500,40,0.3,0.4,both,TRUE,0.5,0.5
1181,2000,500,40,0.3,0.4,both,TRUE,0.5,1
1182,2000,500,40,0.3,0.4,both,TRUE,0.5,2
1183,2000,500,40,0.3,0.4,both,TRUE,0.8,0.5
1184,2000,500,40,0.3,0.4,both,TRUE,0.8,1
1185,2000,500,40,0.3,0.4,both,TRUE,0.8,2
1186,2000,500,40,0.3,0.4,both,FALSE,0.2,0.5
1187,2000,500,40,0.3,0.4,both,FALSE,0.2,1
1188,2000,500,40,0.3,0.4,both,FALSE,0.2,2
1189,2000,500,40,0.3,0.4,both,FALSE,0.5,0.5
1190,2000,500,40,0.3,0.4,both,FALSE,0.5,1
1191,2000,500,40,0.3,0.4,both,FALSE,0.5,2
1192,2000,500,40,0.3,0.4,both,FALSE,0.8,0.5
1193,2000,500,40,0.3,0.4,both,FALSE,0.8,1
1194,2000,500,40,0.3,0.4,both,FALSE,0.8,2
1195,2000,500,40,0.3,0.7,both,TRUE,0.2,0.5
1196,2000,500,40,0.3,0.7,both,TRUE,0.2,1
1197,2000,500,40,0.3,0.7,both,TRUE,0.2,2
1198,2000,500,40,0.3,0.7,both,TRUE,0.5,0.5
1199,2000,500,40,0.3,0.7,both,TRUE,0.5,1
1200,2000,500,40,0.3,0.7,both,TRUE,0.5,2
1201,2000,500,40,0.3,0.7,both,TRUE,0.8,0.5
1202,2000,500,40,0.3,0.7,both,TRUE,0.8,1
1203,2000,500,40,0.3,0.7,both,TRUE,0.8,2
1204,2000,500,40,0.3,0.7,both,FALSE,0.2,0.5
1205,2000,500,40,0.3,0.7,both,FALSE,0.2,1
1206,2000,500,40,0.3,0.7,both,FALSE,0.2,2
1207,2000,500,40,0.3,0.7,both,FALSE,0.5,0.5
1208,2000,500,40,0.3,0.7,both,FALSE,0.5,1
1209,2000,500,40,0.3,0.7,both,FALSE,0.5,2
1210,2000,500,40,0.3,0.7,both,FALSE,0.8,0.5
1211,2000,500,40,0.3,0.7,both,FALSE,0.8,1
1212,2000,500,40,0.3,0.7,both,FALSE,0.8,2
1213,2000,500,80,0.12,0.05,both,TRUE,0.2,0.5
1214,2000,500,80,0.12,0.05,both,TRUE,0.2,1
1215,2000,500,80,0.12,0.05,both,TRUE,0.2,2
1216,2000,500,80,0.12,0.05,both,TRUE,0.5,0.5
1217,2000,500,80,0.12,0.05,both,TRUE,0.5,1
1218,2000,500,80,0.12,0.05,both,TRUE,0.5,2
1219,2000,500,80,0.12,0.05,both,TRUE,0.8,0.5
1220,2000,500,80,0.12,0.05,both,TRUE,0.8,1
1221,2000,500,80,0.12,0.05,both,TRUE,0.8,2
1222,2000,500,80,0.12,0.05,both,FALSE,0.2,0.5
1223,2000,500,80,0.12,0.05,both,FALSE,0.2,1
1224,2000,500,80,0.12,0.05,both,FALSE,0.2,2
1225,2000,500,80,0.12,0.05,both,FALSE,0.5,0.5
1226,2000,500,80,0.12,0.05,both,FALSE,0.5,1
1227,2000,500,80,0.12,0.05,both,FALSE,0.5,2
1228,2000,500,80,0.12,0.05,both,FALSE,0.8,0.5
1229,2000,500,80,0.12,0.05,both,FALSE,0.8,1
1230,2000,500,80,0.12,0.05,both,FALSE,0.8,2
1231,2000,500,80,0.12,0.4,both,TRUE,0.2,0.5
1232,2000,500,80,0.12,0.4,both,TRUE,0.2,1
1233,2000,500,80,0.12,0.4,both,TRUE,0.2,2
1234,2000,500,80,0.12,0.4,both,TRUE,0.5,0.5
1235,2000,500,80,0.12,0.4,both,TRUE,0.5,1
1236,2000,500,80,0.12,0.4,both,TRUE,0.5,2
1237,2000,500,80,0.12,0.4,both,TRUE,0.8,0.5
1238,2000,500,80,0.12,0.4,both,TRUE,0.8,1
1239,2000,500,80,0.12,0.4,both,TRUE,0.8,2
1240,2000,500,80,0.12,0.4,both,FALSE,0.2,0.5
1241,2000,500,80,0.12,0.4,both,FALSE,0.2,1
1242,2000,500,80,0.12,0.4,both,FALSE,0.2,2
1243,2000,500,80,0.12,0.4,both,FALSE,0.5,0.5
1244,2000,500,80,0.12,0.4,both,FALSE,0.5,1
1245,2000,500,80,0.12,0.4,both,FALSE,0.5,2
1246,2000,500,80,0.12,0.4,both,FALSE,0.8,0.5
1247,2000,500,80,0.12,0.4,both,FALSE,0.8,1
1248,2000,500,80,0.12,0.4,both,FALSE,0.8,2
1249,2000,500,80,0.12,0.7,both,TRUE,0.2,0.5
1250,2000,500,80,0.12,0.7,both,TRUE,0.2,1
1251,2000,500,80,0.12,0.7,both,TRUE,0.2,2
1252,2000,500,80,0.12,0.7,both,TRUE,0.5,0.5
1253,2000,500,80,0.12,0.7,both,TRUE,0.5,1
1254,2000,500,80,0.12,0.7,both,TRUE,0.5,2
1255,2000,500,80,0.12,0.7,both,TRUE,0.8,0.5
1256,2000,500,80,0.12,0.7,both,TRUE,0.8,1
1257,2000,500,80,0.12,0.7,both,TRUE,0.8,2
1258,2000,500,80,0.12,0.7,both,FALSE,0.2,0.5
1259,2000,500,80,0.12,0.7,both,FALSE,0.2,1
1260,2000,500,80,0.12,0.7,both,FALSE,0.2,2
1261,2000,500,80,0.12,0.7,both,FALSE,0.5,0.5
1262,2000,500,80,0.12,0.7,both,FALSE,0.5,1
1263,2000,500,80,0.12,0.7,both,FALSE,0.5,2
1264,2000,500,80,0.12,0.7,both,FALSE,0.8,0.5
1265,2000,500,80,0.12,0.7,both,FALSE,0.8,1
1266,2000,500,80,0.12,0.7,both,FALSE,0.8,2
1267,2000,500,80,0.3,0.05,both,TRUE,0.2,0.5
1268,2000,500,80,0.3,0.05,both,TRUE,0.2,1
1269,2000,500,80,0.3,0.05,both,TRUE,0.2,2
1270,2000,500,80,0.3,0.05,both,TRUE,0.5,0.5
1271,2000,500,80,0.3,0.05,both,TRUE,0.5,1
1272,2000,500,80,0.3,0.05,both,TRUE,0.5,2
1273,2000,500,80,0.3,0.05,both,TRUE,0.8,0.5
1274,2000,500,80,0.3,0.05,both,TRUE,0.8,1
1275,2000,500,80,0.3,0.05,both,TRUE,0.8,2
1276,2000,500,80,0.3,0.05,both,FALSE,0.2,0.5
1277,2000,500,80,0.3,0.05,both,FALSE,0.2,1
1278,2000,500,80,0.3,0.05,both,FALSE,0.2,2
1279,2000,500,80,0.3,0.05,both,FALSE,0.5,0.5
1280,2000,500,80,0.3,0.05,both,FALSE,0.5,1
1281,2000,500,80,0.3,0.05,both,FALSE,0.5,2
1282,2000,500,80,0.3,0.05,both,FALSE,0.8,0.5
1283,2000,500,80,0.3,0.05,both,FALSE,0.8,1
1284,2000,500,80,0.3,0.05,both,FALSE,0.8,2
1285,2000,500,80,0.3,0.4,both,TRUE,0.2,0.5
1286,2000,500,80,0.3,0.4,both,TRUE,0.2,1
1287,2000,500,80,0.3,0.4,both,TRUE,0.2,2
1288,2000,500,80,0.3,0.4,both,TRUE,0.5,0.5
1289,2000,500,80,0.3,0.4,both,TRUE,0.5,1
1290,2000,500,80,0.3,0.4,both,TRUE,0.5,2
1291,2000,500,80,0.3,0.4,both,TRUE,0.8,0.5
1292,2000,500,80,0.3,0.4,both,TRUE,0.8,1
1293,2000,500,80,0.3,0.4,both,TRUE,0.8,2
1294,2000,500,80,0.3,0.4,both,FALSE,0.2,0.5
1295,2000,500,80,0.3,0.4,both,FALSE,0.2,1
1296,2000,500,80,0.3,0.4,both,FALSE,0.2,2
1297,2000,500,80,0.3,0.4,both,FALSE,0.5,0.5
1298,2000,500,80,0.3,0.4,both,FALSE,0.5,1
1299,2000,500,80,0.3,0.4,both,FALSE,0.5,2
1300,2000,500,80,0.3,0.4,both,FALSE,0.8,0.5
1301,2000,500,80,0.3,0.4,both,FALSE,0.8,1
1302,2000,500,80,0.3,0.4,both,FALSE,0.8,2
1303,2000,500,80,0.3,0.7,both,TRUE,0.2,0.5
1304,2000,500,80,0.3,0.7,both,TRUE,0.2,1
1305,2000,500,80,0.3,0.7,both,TRUE,0.2,2
1306,2000,500,80,0.3,0.7,both,TRUE,0.5,0.5
1307,2000,500,80,0.3,0.7,both,TRUE,0.5,1
1308,2000,500,80,0.3,0.7,both,TRUE,0.5,2
1309,2000,500,80,0.3,0.7,both,TRUE,0.8,0.5
1310,2000,500,80,0.3,0.7,both,TRUE,0.8,1
1311,2000,500,80,0.3,0.7,both,TRUE,0.8,2
1312,2000,500,80,0.3,0.7,both,FALSE,0.2,0.5
1313,2000,500,80,0.3,0.7,both,FALSE,0.2,1
1314,2000,500,80,0.3,0.7,both,FALSE,0.2,2
1315,2000,500,80,0.3,0.7,both,FALSE,0.5,0.5
1316,2000,500,80,0.3,0.7,both,FALSE,0.5,1
1317,2000,500,80,0.3,0.7,both,FALSE,0.5,2
1318,2000,500,80,0.3,0.7,both,FALSE,0.8,0.5
1319,2000,500,80,0.3,0.7,both,FALSE,0.8,1
1320,2000,500,80,0.3,0.7,both,FALSE,0.8,2
1321,400,400,40,0.12,0.05,a,TRUE,0.2,0
1322,400,400,40,0.12,0.05,a,TRUE,0.5,0
1323,400,400,40,0.12,0.05,a,TRUE,0.8,0
1324,400,400,40,0.12,0.05,a,FALSE,0.2,0
1325,400,400,40,0.12,0.05,a,FALSE,0.5,0
1326,400,400,40,0.12,0.05,a,FALSE,0.8,0
1327,400,400,40,0.12,0.4,a,TRUE,0.2,0
1328,400,400,40,0.12,0.4,a,TRUE,0.5,0
1329,400,400,40,0.12,0.4,a,TRUE,0.8,0
1330,400,400,40,0.12,0.4,a,FALSE,0.2,0
1331,400,400,40,0.12,0.4,a,FALSE,0.5,0
1332,400,400,40,0.12,0.4,a,FALSE,0.8,0
1333,400,400,40,0.12,0.7,a,TRUE,0.2,0
1334,400,400,40,0.12,0.7,a,TRUE,0.5,0
1335,400,400,40,0.12,0.7,a,TRUE,0.8,0
1336,400,400,40,0.12,0.7,a,FALSE,0.2,0
1337,400,400,40,0.12,0.7,a,FALSE,0.5,0
1338,400,400,40,0.12,0.7,a,FALSE,0.8,0
1339,400,400,40,0.3,0.05,a,TRUE,0.2,0
1340,400,400,40,0.3,0.05,a,TRUE,0.5,0
1341,400,400,40,0.3,0.05,a,TRUE,0.8,0
1342,400,400,40,0.3,0.05,a,FALSE,0.2,0
1343,400,400,40,0.3,0.05,a,FALSE,0.5,0
1344,400,400,40,0.3,0.05,a,FALSE,0.8,0
1345,400,400,40,0.3,0.4,a,TRUE,0.2,0
1346,400,400,40,0.3,0.4,a,TRUE,0.5,0
1347,400,400,40,0.3,0.4,a,TRUE,0.8,0
1348,400,400,40,0.3,0.4,a,FALSE,0.2,0
1349,400,400,40,0.3,0.4,a,FALSE,0.5,0
1350,400,400,40,0.3,0.4,a,FALSE,0.8,0
1351,400,400,40,0.3,0.7,a,TRUE,0.2,0
1352,400,400,40,0.3,0.7,a,TRUE,0.5,0
1353,400,400,40,0.3,0.7,a,TRUE,0.8,0
1354,400,400,40,0.3,0.7,a,FALSE,0.2,0
1355,400,400,40,0.3,0.7,a,FALSE,0.5,0
1356,400,400,40,0.3,0.7,a,FALSE,0.8,0
1357,400,400,80,0.12,0.05,a,TRUE,0.2,0
1358,400,400,80,0.12,0.05,a,TRUE,0.5,0
1359,400,400,80,0.12,0.05,a,TRUE,0.8,0
1360,400,400,80,0.12,0.05,a,FALSE,0.2,0
1361,400,400,80,0.12,0.05,a,FALSE,0.5,0
1362,400,400,80,0.12,0.05,a,FALSE,0.8,0
1363,400,400,80,0.12,0.4,a,TRUE,0.2,0
1364,400,400,80,0.12,0.4,a,TRUE,0.5,0
1365,400,400,80,0.12,0.4,a,TRUE,0.8,0
1366,400,400,80,0.12,0.4,a,FALSE,0.2,0
1367,400,400,80,0.12,0.4,a,FALSE,0.5,0
1368,400,400,80,0.12,0.4,a,FALSE,0.8,0
1369,400,400,80,0.12,0.7,a,TRUE,0.2,0
1370,400,400,80,0.12,0.7,a,TRUE,0.5,0
1371,400,400,80,0.12,0.7,a,TRUE,0.8,0
1372,400,400,80,0.12,0.7,a,FALSE,0.2,0
1373,400,400,80,0.12,0.7,a,FALSE,0.5,0
1374,400,400,80,0.12,0.7,a,FALSE,0.8,0
1375,400,400,80,0.3,0.05,a,TRUE,0.2,0
1376,400,400,80,0.3,0.05,a,TRUE,0.5,0
1377,400,400,80,0.3,0.05,a,TRUE,0.8,0
1378,400,400,80,0.3,0.05,a,FALSE,0.2,0
1379,400,400,80,0.3,0.05,a,FALSE,0.5,0
1380,400,400,80,0.3,0.05,a,FALSE,0.8,0
1381,400,400,80,0.3,0.4,a,TRUE,0.2,0
1382,400,400,80,0.3,0.4,a,TRUE,0.5,0
1383,400,400,80,0.3,0.4,a,TRUE,0.8,0
1384,400,400,80,0.3,0.4,a,FALSE,0.2,0
1385,400,400,80,0.3,0.4,a,FALSE,0.5,0
1386,400,400,80,0.3,0.4,a,FALSE,0.8,0
1387,400,400,80,0.3,0.7,a,TRUE,0.2,0
1388,400,400,80,0.3,0.7,a,TRUE,0.5,0
1389,400,400,80,0.3,0.7,a,TRUE,0.8,0
1390,400,400,80,0.3,0.7,a,FALSE,0.2,0
1391,400,400,80,0.3,0.7,a,FALSE,0.5,0
1392,400,400,80,0.3,0.7,a,FALSE,0.8,0
1393,400,200,40,0.12,0.05,a,TRUE,0.2,0
1394,400,200,40,0.12,0.05,a,TRUE,0.5,0
1395,400,200,40,0.12,0.05,a,TRUE,0.8,0
1396,400,200,40,0.12,0.05,a,FALSE,0.2,0
1397,400,200,40,0.12,0.05,a,FALSE,0.5,0
1398,400,200,40,0.12,0.05,a,FALSE,0.8,0
1399,400,200,40,0.12,0.4,a,TRUE,0.2,0
1400,400,200,40,0.12,0.4,a,TRUE,0.5,0
1401,400,200,40,0.12,0.4,a,TRUE,0.8,0
1402,400,200,40,0.12,0.4,a,FALSE,0.2,0
1403,400,200,40,0.12,0.4,a,FALSE,0.5,0
1404,400,200,40,0.12,0.4,a,FALSE,0.8,0
1405,400,200,40,0.12,0.7,a,TRUE,0.2,0
1406,400,200,40,0.12,0.7,a,TRUE,0.5,0
1407,400,200,40,0.12,0.7,a,TRUE,0.8,0
1408,400,200,40,0.12,0.7,a,FALSE,0.2,0
1409,400,200,40,0.12,0.7,a,FALSE,0.5,0
1410,400,200,40,0.12,0.7,a,FALSE,0.8,0
1411,400,200,40,0.3,0.05,a,TRUE,0.2,0
1412,400,200,40,0.3,0.05,a,TRUE,0.5,0
1413,400,200,40,0.3,0.05,a,TRUE,0.8,0
1414,400,200,40,0.3,0.05,a,FALSE,0.2,0
1415,400,200,40,0.3,0.05,a,FALSE,0.5,0
1416,400,200,40,0.3,0.05,a,FALSE,0.8,0
1417,400,200,40,0.3,0.4,a,TRUE,0.2,0
1418,400,200,40,0.3,0.4,a,TRUE,0.5,0
1419,400,200,40,0.3,0.4,a,TRUE,0.8,0
1420,400,200,40,0.3,0.4,a,FALSE,0.2,0
1421,400,200,40,0.3,0.4,a,FALSE,0.5,0
1422,400,200,40,0.3,0.4,a,FALSE,0.8,0
1423,400,200,40,0.3,0.7,a,TRUE,0.2,0
1424,400,200,40,0.3,0.7,a,TRUE,0.5,0
1425,400,200,40,0.3,0.7,a,TRUE,0.8,0
1426,400,200,40,0.3,0.7,a,FALSE,0.2,0
1427,400,200,40,0.3,0.7,a,FALSE,0.5,0
1428,400,200,40,0.3,0.7,a,FALSE,0.8,0
1429,400,200,80,0.12,0.05,a,TRUE,0.2,0
1430,400,200,80,0.12,0.05,a,TRUE,0.5,0
1431,400,200,80,0.12,0.05,a,TRUE,0.8,0
1432,400,200,80,0.12,0.05,a,FALSE,0.2,0
1433,400,200,80,0.12,0.05,a,FALSE,0.5,0
1434,400,200,80,0.12,0.05,a,FALSE,0.8,0
1435,400,200,80,0.12,0.4,a,TRUE,0.2,0
1436,400,200,80,0.12,0.4,a,TRUE,0.5,0
1437,400,200,80,0.12,0.4,a,TRUE,0.8,0
1438,400,200,80,0.12,0.4,a,FALSE,0.2,0
1439,400,200,80,0.12,0.4,a,FALSE,0.5,0
1440,400,200,80,0.12,0.4,a,FALSE,0.8,0
1441,400,200,80,0.12,0.7,a,TRUE,0.2,0
1442,400,200,80,0.12,0.7,a,TRUE,0.5,0
1443,400,200,80,0.12,0.7,a,TRUE,0.8,0
1444,400,200,80,0.12,0.7,a,FALSE,0.2,0
1445,400,200,80,0.12,0.7,a,FALSE,0.5,0
1446,400,200,80,0.12,0.7,a,FALSE,0.8,0
1447,400,200,80,0.3,0.05,a,TRUE,0.2,0
1448,400,200,80,0.3,0.05,a,TRUE,0.5,0
1449,400,200,80,0.3,0.05,a,TRUE,0.8,0
1450,400,200,80,0.3,0.05,a,FALSE,0.2,0
1451,400,200,80,0.3,0.05,a,FALSE,0.5,0
1452,400,200,80,0.3,0.05,a,FALSE,0.8,0
1453,400,200,80,0.3,0.4,a,TRUE,0.2,0
1454,400,200,80,0.3,0.4,a,TRUE,0.5,0
1455,400,200,80,0.3,0.4,a,TRUE,0.8,0
1456,400,200,80,0.3,0.4,a,FALSE,0.2,0
1457,400,200,80,0.3,0.4,a,FALSE,0.5,0
1458,400,200,80,0.3,0.4,a,FALSE,0.8,0
1459,400,200,80,0.3,0.7,a,TRUE,0.2,0
1460,400,200,80,0.3,0.7,a,TRUE,0.5,0
1461,400,200,80,0.3,0.7,a,TRUE,0.8,0
1462,400,200,80,0.3,0.7,a,FALSE,0.2,0
1463,400,200,80,0.3,0.7,a,FALSE,0.5,0
1464,400,200,80,0.3,0.7,a,FALSE,0.8,0
1465,400,100,40,0.12,0.05,a,TRUE,0.2,0
1466,400,100,40,0.12,0.05,a,TRUE,0.5,0
1467,400,100,40,0.12,0.05,a,TRUE,0.8,0
1468,400,100,40,0.12,0.05,a,FALSE,0.2,0
1469,400,100,40,0.12,0.05,a,FALSE,0.5,0
1470,400,100,40,0.12,0.05,a,FALSE,0.8,0
1471,400,100,40,0.12,0.4,a,TRUE,0.2,0
1472,400,100,40,0.12,0.4,a,TRUE,0.5,0
1473,400,100,40,0.12,0.4,a,TRUE,0.8,0
1474,400,100,40,0.12,0.4,a,FALSE,0.2,0
1475,400,100,40,0.12,0.4,a,FALSE,0.5,0
1476,400,100,40,0.12,0.4,a,FALSE,0.8,0
1477,400,100,40,0.12,0.7,a,TRUE,0.2,0
1478,400,100,40,0.12,0.7,a,TRUE,0.5,0
1479,400,100,40,0.12,0.7,a,TRUE,0.8,0
1480,400,100,40,0.12,0.7,a,FALSE,0.2,0
1481,400,100,40,0.12,0.7,a,FALSE,0.5,0
1482,400,100,40,0.12,0.7,a,FALSE,0.8,0
1483,400,100,40,0.3,0.05,a,TRUE,0.2,0
1484,400,100,40,0.3,0.05,a,TRUE,0.5,0
1485,400,100,40,0.3,0.05,a,TRUE,0.8,0
1486,400,100,40,0.3,0.05,a,FALSE,0.2,0
1487,400,100,40,0.3,0.05,a,FALSE,0.5,0
1488,400,100,40,0.3,0.05,a,FALSE,0.8,0
1489,400,100,40,0.3,0.4,a,TRUE,0.2,0
1490,400,100,40,0.3,0.4,a,TRUE,0.5,0
1491,400,100,40,0.3,0.4,a,TRUE,0.8,0
1492,400,100,40,0.3,0.4,a,FALSE,0.2,0
1493,400,100,40,0.3,0.4,a,FALSE,0.5,0
1494,400,100,40,0.3,0.4,a,FALSE,0.8,0
1495,400,100,40,0.3,0.7,a,TRUE,0.2,0
1496,400,100,40,0.3,0.7,a,TRUE,0.5,0
1497,400,100,40,0.3,0.7,a,TRUE,0.8,0
1498,400,100,40,0.3,0.7,a,FALSE,0.2,0
1499,400,100,40,0.3,0.7,a,FALSE,0.5,0
1500,400,100,40,0.3,0.7,a,FALSE,0.8,0
1501,400,100,80,0.12,0.05,a,TRUE,0.2,0
1502,400,100,80,0.12,0.05,a,TRUE,0.5,0
1503,400,100,80,0.12,0.05,a,TRUE,0.8,0
1504,400,100,80,0.12,0.05,a,FALSE,0.2,0
1505,400,100,80,0.12,0.05,a,FALSE,0.5,0
1506,400,100,80,0.12,0.05,a,FALSE,0.8,0
1507,400,100,80,0.12,0.4,a,TRUE,0.2,0
1508,400,100,80,0.12,0.4,a,TRUE,0.5,0
1509,400,100,80,0.12,0.4,a,TRUE,0.8,0
1510,400,100,80,0.12,0.4,a,FALSE,0.2,0
1511,400,100,80,0.12,0.4,a,FALSE,0.5,0
1512,400,100,80,0.12,0.4,a,FALSE,0.8,0
1513,400,100,80,0.12,0.7,a,TRUE,0.2,0
1514,400,100,80,0.12,0.7,a,TRUE,0.5,0
1515,400,100,80,0.12,0.7,a,TRUE,0.8,0
1516,400,100,80,0.12,0.7,a,FALSE,0.2,0
1517,400,100,80,0.12,0.7,a,FALSE,0.5,0
1518,400,100,80,0.12,0.7,a,FALSE,0.8,0
1519,400,100,80,0.3,0.05,a,TRUE,0.2,0
1520,400,100,80,0.3,0.05,a,TRUE,0.5,0
1521,400,100,80,0.3,0.05,a,TRUE,0.8,0
1522,400,100,80,0.3,0.05,a,FALSE,0.2,0
1523,400,100,80,0.3,0.05,a,FALSE,0.5,0
1524,400,100,80,0.3,0.05,a,FALSE,0.8,0
1525,400,100,80,0.3,0.4,a,TRUE,0.2,0
1526,400,100,80,0.3,0.4,a,TRUE,0.5,0
1527,400,100,80,0.3,0.4,a,TRUE,0.8,0
1528,400,100,80,0.3,0.4,a,FALSE,0.2,0
1529,400,100,80,0.3,0.4,a,FALSE,0.5,0
1530,400,100,80,0.3,0.4,a,FALSE,0.8,0
1531,400,100,80,0.3,0.7,a,TRUE,0.2,0
1532,400,100,80,0.3,0.7,a,TRUE,0.5,0
1533,400,100,80,0.3,0.7,a,TRUE,0.8,0
1534,400,100,80,0.3,0.7,a,FALSE,0.2,0
1535,400,100,80,0.3,0.7,a,FALSE,0.5,0
1536,400,100,80,0.3,0.7,a,FALSE,0.8,0
1537,2000,2000,40,0.12,0.05,a,TRUE,0.2,0
1538,2000,2000,40,0.12,0.05,a,TRUE,0.5,0
1539,2000,2000,40,0.12,0.05,a,TRUE,0.8,0
1540,2000,2000,40,0.12,0.05,a,FALSE,0.2,0
1541,2000,2000,40,0.12,0.05,a,FALSE,0.5,0
1542,2000,2000,40,0.12,0.05,a,FALSE,0.8,0
1543,2000,2000,40,0.12,0.4,a,TRUE,0.2,0
1544,2000,2000,40,0.12,0.4,a,TRUE,0.5,0
1545,2000,2000,40,0.12,0.4,a,TRUE,0.8,0
1546,2000,2000,40,0.12,0.4,a,FALSE,0.2,0
1547,2000,2000,40,0.12,0.4,a,FALSE,0.5,0
1548,2000,2000,40,0.12,0.4,a,FALSE,0.8,0
1549,2000,2000,40,0.12,0.7,a,TRUE,0.2,0
1550,2000,2000,40,0.12,0.7,a,TRUE,0.5,0
1551,2000,2000,40,0.12,0.7,a,TRUE,0.8,0
1552,2000,2000,40,0.12,0.7,a,FALSE,0.2,0
1553,2000,2000,40,0.12,0.7,a,FALSE,0.5,0
1554,2000,2000,40,0.12,0.7,a,FALSE,0.8,0
1555,2000,2000,40,0.3,0.05,a,TRUE,0.2,0
1556,2000,2000,40,0.3,0.05,a,TRUE,0.5,0
1557,2000,2000,40,0.3,0.05,a,TRUE,0.8,0
1558,2000,2000,40,0.3,0.05,a,FALSE,0.2,0
1559,2000,2000,40,0.3,0.05,a,FALSE,0.5,0
1560,2000,2000,40,0.3,0.05,a,FALSE,0.8,0
1561,2000,2000,40,0.3,0.4,a,TRUE,0.2,0
1562,2000,2000,40,0.3,0.4,a,TRUE,0.5,0
1563,2000,2000,40,0.3,0.4,a,TRUE,0.8,0
1564,2000,2000,40,0.3,0.4,a,FALSE,0.2,0
1565,2000,2000,40,0.3,0.4,a,FALSE,0.5,0
1566,2000,2000,40,0.3,0.4,a,FALSE,0.8,0
1567,2000,2000,40,0.3,0.7,a,TRUE,0.2,0
1568,2000,2000,40,0.3,0.7,a,TRUE,0.5,0
1569,2000,2000,40,0.3,0.7,a,TRUE,0.8,0
1570,2000,2000,40,0.3,0.7,a,FALSE,0.2,0
1571,2000,2000,40,0.3,0.7,a,FALSE,0.5,0
1572,2000,2000,40,0.3,0.7,a,FALSE,0.8,0
1573,2000,2000,80,0.12,0.05,a,TRUE,0.2,0
1574,2000,2000,80,0.12,0.05,a,TRUE,0.5,0
1575,2000,2000,80,0.12,0.05,a,TRUE,0.8,0
1576,2000,2000,80,0.12,0.05,a,FALSE,0.2,0
1577,2000,2000,80,0.12,0.05,a,FALSE,0.5,0
1578,2000,2000,80,0.12,0.05,a,FALSE,0.8,0
1579,2000,2000,80,0.12,0.4,a,TRUE,0.2,0
1580,2000,2000,80,0.12,0.4,a,TRUE,0.5,0
1581,2000,2000,80,0.12,0.4,a,TRUE,0.8,0
1582,2000,2000,80,0.12,0.4,a,FALSE,0.2,0
1583,2000,2000,80,0.12,0.4,a,FALSE,0.5,0
1584,2000,2000,80,0.12,0.4,a,FALSE,0.8,0
1585,2000,2000,80,0.12,0.7,a,TRUE,0.2,0
1586,2000,2000,80,0.12,0.7,a,TRUE,0.5,0
1587,2000,2000,80,0.12,0.7,a,TRUE,0.8,0
1588,2000,2000,80,0.12,0.7,a,FALSE,0.2,0
1589,2000,2000,80,0.12,0.7,a,FALSE,0.5,0
1590,2000,2000,80,0.12,0.7,a,FALSE,0.8,0
1591,2000,2000,80,0.3,0.05,a,TRUE,0.2,0
1592,2000,2000,80,0.3,0.05,a,TRUE,0.5,0
1593,2000,2000,80,0.3,0.05,a,TRUE,0.8,0
1594,2000,2000,80,0.3,0.05,a,FALSE,0.2,0
1595,2000,2000,80,0.3,0.05,a,FALSE,0.5,0
1596,2000,2000,80,0.3,0.05,a,FALSE,0.8,0
1597,2000,2000,80,0.3,0.4,a,TRUE,0.2,0
1598,2000,2000,80,0.3,0.4,a,TRUE,0.5,0
1599,2000,2000,80,0.3,0.4,a,TRUE,0.8,0
1600,2000,2000,80,0.3,0.4,a,FALSE,0.2,0
1601,2000,2000,80,0.3,0.4,a,FALSE,0.5,0
1602,2000,2000,80,0.3,0.4,a,FALSE,0.8,0
1603,2000,2000,80,0.3,0.7,a,TRUE,0.2,0
1604,2000,2000,80,0.3,0.7,a,TRUE,0.5,0
1605,2000,2000,80,0.3,0.7,a,TRUE,0.8,0
1606,2000,2000,80,0.3,0.7,a,FALSE,0.2,0
1607,2000,2000,80,0.3,0.7,a,FALSE,0.5,0
1608,2000,2000,80,0.3,0.7,a,FALSE,0.8,0
1609,2000,1000,40,0.12,0.05,a,TRUE,0.2,0
1610,2000,1000,40,0.12,0.05,a,TRUE,0.5,0
1611,2000,1000,40,0.12,0.05,a,TRUE,0.8,0
1612,2000,1000,40,0.12,0.05,a,FALSE,0.2,0
1613,2000,1000,40,0.12,0.05,a,FALSE,0.5,0
1614,2000,1000,40,0.12,0.05,a,FALSE,0.8,0
1615,2000,1000,40,0.12,0.4,a,TRUE,0.2,0
1616,2000,1000,40,0.12,0.4,a,TRUE,0.5,0
1617,2000,1000,40,0.12,0.4,a,TRUE,0.8,0
1618,2000,1000,40,0.12,0.4,a,FALSE,0.2,0
1619,2000,1000,40,0.12,0.4,a,FALSE,0.5,0
1620,2000,1000,40,0.12,0.4,a,FALSE,0.8,0
1621,2000,1000,40,0.12,0.7,a,TRUE,0.2,0
1622,2000,1000,40,0.12,0.7,a,TRUE,0.5,0
1623,2000,1000,40,0.12,0.7,a,TRUE,0.8,0
1624,2000,1000,40,0.12,0.7,a,FALSE,0.2,0
1625,2000,1000,40,0.12,0.7,a,FALSE,0.5,0
1626,2000,1000,40,0.12,0.7,a,FALSE,0.8,0
1627,2000,1000,40,0.3,0.05,a,TRUE,0.2,0
1628,2000,1000,40,0.3,0.05,a,TRUE,0.5,0
1629,2000,1000,40,0.3,0.05,a,TRUE,0.8,0
1630,2000,1000,40,0.3,0.05,a,FALSE,0.2,0
1631,2000,1000,40,0.3,0.05,a,FALSE,0.5,0
1632,2000,1000,40,0.3,0.05,a,FALSE,0.8,0
1633,2000,1000,40,0.3,0.4,a,TRUE,0.2,0
1634,2000,1000,40,0.3,0.4,a,TRUE,0.5,0
1635,2000,1000,40,0.3,0.4,a,TRUE,0.8,0
1636,2000,1000,40,0.3,0.4,a,FALSE,0.2,0
1637,2000,1000,40,0.3,0.4,a,FALSE,0.5,0
1638,2000,1000,40,0.3,0.4,a,FALSE,0.8,0
1639,2000,1000,40,0.3,0.7,a,TRUE,0.2,0
1640,2000,1000,40,0.3,0.7,a,TRUE,0.5,0
1641,2000,1000,40,0.3,0.7,a,TRUE,0.8,0
1642,2000,1000,40,0.3,0.7,a,FALSE,0.2,0
1643,2000,1000,40,0.3,0.7,a,FALSE,0.5,0
1644,2000,1000,40,0.3,0.7,a,FALSE,0.8,0
1645,2000,1000,80,0.12,0.05,a,TRUE,0.2,0
1646,2000,1000,80,0.12,0.05,a,TRUE,0.5,0
1647,2000,1000,80,0.12,0.05,a,TRUE,0.8,0
1648,2000,1000,80,0.12,0.05,a,FALSE,0.2,0
1649,2000,1000,80,0.12,0.05,a,FALSE,0.5,0
1650,2000,1000,80,0.12,0.05,a,FALSE,0.8,0
1651,2000,1000,80,0.12,0.4,a,TRUE,0.2,0
1652,2000,1000,80,0.12,0.4,a,TRUE,0.5,0
1653,2000,1000,80,0.12,0.4,a,TRUE,0.8,0
1654,2000,1000,80,0.12,0.4,a,FALSE,0.2,0
1655,2000,1000,80,0.12,0.4,a,FALSE,0.5,0
1656,2000,1000,80,0.12,0.4,a,FALSE,0.8,0
1657,2000,1000,80,0.12,0.7,a,TRUE,0.2,0
1658,2000,1000,80,0.12,0.7,a,TRUE,0.5,0
1659,2000,1000,80,0.12,0.7,a,TRUE,0.8,0
1660,2000,1000,80,0.12,0.7,a,FALSE,0.2,0
1661,2000,1000,80,0.12,0.7,a,FALSE,0.5,0
1662,2000,1000,80,0.12,0.7,a,FALSE,0.8,0
1663,2000,1000,80,0.3,0.05,a,TRUE,0.2,0
1664,2000,1000,80,0.3,0.05,a,TRUE,0.5,0
1665,2000,1000,80,0.3,0.05,a,TRUE,0.8,0
1666,2000,1000,80,0.3,0.05,a,FALSE,0.2,0
1667,2000,1000,80,0.3,0.05,a,FALSE,0.5,0
1668,2000,1000,80,0.3,0.05,a,FALSE,0.8,0
1669,2000,1000,80,0.3,0.4,a,TRUE,0.2,0
1670,2000,1000,80,0.3,0.4,a,TRUE,0.5,0
1671,2000,1000,80,0.3,0.4,a,TRUE,0.8,0
1672,2000,1000,80,0.3,0.4,a,FALSE,0.2,0
1673,2000,1000,80,0.3,0.4,a,FALSE,0.5,0
1674,2000,1000,80,0.3,0.4,a,FALSE,0.8,0
1675,2000,1000,80,0.3,0.7,a,TRUE,0.2,0
1676,2000,1000,80,0.3,0.7,a,TRUE,0.5,0
1677,2000,1000,80,0.3,0.7,a,TRUE,0.8,0
1678,2000,1000,80,0.3,0.7,a,FALSE,0.2,0
1679,2000,1000,80,0.3,0.7,a,FALSE,0.5,0
1680,2000,1000,80,0.3,0.7,a,FALSE,0.8,0
1681,2000,500,40,0.12,0.05,a,TRUE,0.2,0
1682,2000,500,40,0.12,0.05,a,TRUE,0.5,0
1683,2000,500,40,0.12,0.05,a,TRUE,0.8,0
1684,2000,500,40,0.12,0.05,a,FALSE,0.2,0
1685,2000,500,40,0.12,0.05,a,FALSE,0.5,0
1686,2000,500,40,0.12,0.05,a,FALSE,0.8,0
1687,2000,500,40,0.12,0.4,a,TRUE,0.2,0
1688,2000,500,40,0.12,0.4,a,TRUE,0.5,0
1689,2000,500,40,0.12,0.4,a,TRUE,0.8,0
1690,2000,500,40,0.12,0.4,a,FALSE,0.2,0
1691,2000,500,40,0.12,0.4,a,FALSE,0.5,0
1692,2000,500,40,0.12,0.4,a,FALSE,0.8,0
1693,2000,500,40,0.12,0.7,a,TRUE,0.2,0
1694,2000,500,40,0.12,0.7,a,TRUE,0.5,0
1695,2000,500,40,0.12,0.7,a,TRUE,0.8,0
1696,2000,500,40,0.12,0.7,a,FALSE,0.2,0
1697,2000,500,40,0.12,0.7,a,FALSE,0.5,0
1698,2000,500,40,0.12,0.7,a,FALSE,0.8,0
1699,2000,500,40,0.3,0.05,a,TRUE,0.2,0
1700,2000,500,40,0.3,0.05,a,TRUE,0.5,0
1701,2000,500,40,0.3,0.05,a,TRUE,0.8,0
1702,2000,500,40,0.3,0.05,a,FALSE,0.2,0
1703,2000,500,40,0.3,0.05,a,FALSE,0.5,0
1704,2000,500,40,0.3,0.05,a,FALSE,0.8,0
1705,2000,500,40,0.3,0.4,a,TRUE,0.2,0
1706,2000,500,40,0.3,0.4,a,TRUE,0.5,0
1707,2000,500,40,0.3,0.4,a,TRUE,0.8,0
1708,2000,500,40,0.3,0.4,a,FALSE,0.2,0
1709,2000,500,40,0.3,0.4,a,FALSE,0.5,0
1710,2000,500,40,0.3,0.4,a,FALSE,0.8,0
1711,2000,500,40,0.3,0.7,a,TRUE,0.2,0
1712,2000,500,40,0.3,0.7,a,TRUE,0.5,0
1713,2000,500,40,0.3,0.7,a,TRUE,0.8,0
1714,2000,500,40,0.3,0.7,a,FALSE,0.2,0
1715,2000,500,40,0.3,0.7,a,FALSE,0.5,0
1716,2000,500,40,0.3,0.7,a,FALSE,0.8,0
1717,2000,500,80,0.12,0.05,a,TRUE,0.2,0
1718,2000,500,80,0.12,0.05,a,TRUE,0.5,0
1719,2000,500,80,0.12,0.05,a,TRUE,0.8,0
1720,2000,500,80,0.12,0.05,a,FALSE,0.2,0
1721,2000,500,80,0.12,0.05,a,FALSE,0.5,0
1722,2000,500,80,0.12,0.05,a,FALSE,0.8,0
1723,2000,500,80,0.12,0.4,a,TRUE,0.2,0
1724,2000,500,80,0.12,0.4,a,TRUE,0.5,0
1725,2000,500,80,0.12,0.4,a,TRUE,0.8,0
1726,2000,500,80,0.12,0.4,a,FALSE,0.2,0
1727,2000,500,80,0.12,0.4,a,FALSE,0.5,0
1728,2000,500,80,0.12,0.4,a,FALSE,0.8,0
1729,2000,500,80,0.12,0.7,a,TRUE,0.2,0
1730,2000,500,80,0.12,0.7,a,TRUE,0.5,0
1731,2000,500,80,0.12,0.7,a,TRUE,0.8,0
1732,2000,500,80,0.12,0.7,a,FALSE,0.2,0
1733,2000,500,80,0.12,0.7,a,FALSE,0.5,0
1734,2000,500,80,0.12,0.7,a,FALSE,0.8,0
1735,2000,500,80,0.3,0.05,a,TRUE,0.2,0
1736,2000,500,80,0.3,0.05,a,TRUE,0.5,0
1737,2000,500,80,0.3,0.05,a,TRUE,0.8,0
1738,2000,500,80,0.3,0.05,a,FALSE,0.2,0
1739,2000,500,80,0.3,0.05,a,FALSE,0.5,0
1740,2000,500,80,0.3,0.05,a,FALSE,0.8,0
1741,2000,500,80,0.3,0.4,a,TRUE,0.2,0
1742,2000,500,80,0.3,0.4,a,TRUE,0.5,0
1743,2000,500,80,0.3,0.4,a,TRUE,0.8,0
1744,2000,500,80,0.3,0.4,a,FALSE,0.2,0
1745,2000,500,80,0.3,0.4,a,FALSE,0.5,0
1746,2000,500,80,0.3,0.4,a,FALSE,0.8,0
1747,2000,500,80,0.3,0.7,a,TRUE,0.2,0
1748,2000,500,80,0.3,0.7,a,TRUE,0.5,0
1749,2000,500,80,0.3,0.7,a,TRUE,0.8,0
1750,2000,500,80,0.3,0.7,a,FALSE,0.2,0
1751,2000,500,80,0.3,0.7,a,FALSE,0.5,0
1752,2000,500,80,0.3,0.7,a,FALSE,0.8,0
1753,400,400,40,0.12,0.05,b,TRUE,0,0.5
1754,400,400,40,0.12,0.05,b,TRUE,0,1
1755,400,400,40,0.12,0.05,b,TRUE,0,2
1756,400,400,40,0.12,0.05,b,FALSE,0,0.5
1757,400,400,40,0.12,0.05,b,FALSE,0,1
1758,400,400,40,0.12,0.05,b,FALSE,0,2
1759,400,400,40,0.12,0.4,b,TRUE,0,0.5
1760,400,400,40,0.12,0.4,b,TRUE,0,1
1761,400,400,40,0.12,0.4,b,TRUE,0,2
1762,400,400,40,0.12,0.4,b,FALSE,0,0.5
1763,400,400,40,0.12,0.4,b,FALSE,0,1
1764,400,400,40,0.12,0.4,b,FALSE,0,2
1765,400,400,40,0.12,0.7,b,TRUE,0,0.5
1766,400,400,40,0.12,0.7,b,TRUE,0,1
1767,400,400,40,0.12,0.7,b,TRUE,0,2
1768,400,400,40,0.12,0.7,b,FALSE,0,0.5
1769,400,400,40,0.12,0.7,b,FALSE,0,1
1770,400,400,40,0.12,0.7,b,FALSE,0,2
1771,400,400,40,0.3,0.05,b,TRUE,0,0.5
1772,400,400,40,0.3,0.05,b,TRUE,0,1
1773,400,400,40,0.3,0.05,b,TRUE,0,2
1774,400,400,40,0.3,0.05,b,FALSE,0,0.5
1775,400,400,40,0.3,0.05,b,FALSE,0,1
1776,400,400,40,0.3,0.05,b,FALSE,0,2
1777,400,400,40,0.3,0.4,b,TRUE,0,0.5
1778,400,400,40,0.3,0.4,b,TRUE,0,1
1779,400,400,40,0.3,0.4,b,TRUE,0,2
1780,400,400,40,0.3,0.4,b,FALSE,0,0.5
1781,400,400,40,0.3,0.4,b,FALSE,0,1
1782,400,400,40,0.3,0.4,b,FALSE,0,2
1783,400,400,40,0.3,0.7,b,TRUE,0,0.5
1784,400,400,40,0.3,0.7,b,TRUE,0,1
1785,400,400,40,0.3,0.7,b,TRUE,0,2
1786,400,400,40,0.3,0.7,b,FALSE,0,0.5
1787,400,400,40,0.3,0.7,b,FALSE,0,1
1788,400,400,40,0.3,0.7,b,FALSE,0,2
1789,400,400,80,0.12,0.05,b,TRUE,0,0.5
1790,400,400,80,0.12,0.05,b,TRUE,0,1
1791,400,400,80,0.12,0.05,b,TRUE,0,2
1792,400,400,80,0.12,0.05,b,FALSE,0,0.5
1793,400,400,80,0.12,0.05,b,FALSE,0,1
1794,400,400,80,0.12,0.05,b,FALSE,0,2
1795,400,400,80,0.12,0.4,b,TRUE,0,0.5
1796,400,400,80,0.12,0.4,b,TRUE,0,1
1797,400,400,80,0.12,0.4,b,TRUE,0,2
1798,400,400,80,0.12,0.4,b,FALSE,0,0.5
1799,400,400,80,0.12,0.4,b,FALSE,0,1
1800,400,400,80,0.12,0.4,b,FALSE,0,2
1801,400,400,80,0.12,0.7,b,TRUE,0,0.5
1802,400,400,80,0.12,0.7,b,TRUE,0,1
1803,400,400,80,0.12,0.7,b,TRUE,0,2
1804,400,400,80,0.12,0.7,b,FALSE,0,0.5
1805,400,400,80,0.12,0.7,b,FALSE,0,1
1806,400,400,80,0.12,0.7,b,FALSE,0,2
1807,400,400,80,0.3,0.05,b,TRUE,0,0.5
1808,400,400,80,0.3,0.05,b,TRUE,0,1
1809,400,400,80,0.3,0.05,b,TRUE,0,2
1810,400,400,80,0.3,0.05,b,FALSE,0,0.5
1811,400,400,80,0.3,0.05,b,FALSE,0,1
1812,400,400,80,0.3,0.05,b,FALSE,0,2
1813,400,400,80,0.3,0.4,b,TRUE,0,0.5
1814,400,400,80,0.3,0.4,b,TRUE,0,1
1815,400,400,80,0.3,0.4,b,TRUE,0,2
1816,400,400,80,0.3,0.4,b,FALSE,0,0.5
1817,400,400,80,0.3,0.4,b,FALSE,0,1
1818,400,400,80,0.3,0.4,b,FALSE,0,2
1819,400,400,80,0.3,0.7,b,TRUE,0,0.5
1820,400,400,80,0.3,0.7,b,TRUE,0,1
1821,400,400,80,0.3,0.7,b,TRUE,0,2
1822,400,400,80,0.3,0.7,b,FALSE,0,0.5
1823,400,400,80,0.3,0.7,b,FALSE,0,1
1824,400,400,80,0.3,0.7,b,FALSE,0,2
1825,400,200,40,0.12,0.05,b,TRUE,0,0.5
1826,400,200,40,0.12,0.05,b,TRUE,0,1
1827,400,200,40,0.12,0.05,b,TRUE,0,2
1828,400,200,40,0.12,0.05,b,FALSE,0,0.5
1829,400,200,40,0.12,0.05,b,FALSE,0,1
1830,400,200,40,0.12,0.05,b,FALSE,0,2
1831,400,200,40,0.12,0.4,b,TRUE,0,0.5
1832,400,200,40,0.12,0.4,b,TRUE,0,1
1833,400,200,40,0.12,0.4,b,TRUE,0,2
1834,400,200,40,0.12,0.4,b,FALSE,0,0.5
1835,400,200,40,0.12,0.4,b,FALSE,0,1
1836,400,200,40,0.12,0.4,b,FALSE,0,2
1837,400,200,40,0.12,0.7,b,TRUE,0,0.5
1838,400,200,40,0.12,0.7,b,TRUE,0,1
1839,400,200,40,0.12,0.7,b,TRUE,0,2
1840,400,200,40,0.12,0.7,b,FALSE,0,0.5
1841,400,200,40,0.12,0.7,b,FALSE,0,1
1842,400,200,40,0.12,0.7,b,FALSE,0,2
1843,400,200,40,0.3,0.05,b,TRUE,0,0.5
1844,400,200,40,0.3,0.05,b,TRUE,0,1
1845,400,200,40,0.3,0.05,b,TRUE,0,2
1846,400,200,40,0.3,0.05,b,FALSE,0,0.5
1847,400,200,40,0.3,0.05,b,FALSE,0,1
1848,400,200,40,0.3,0.05,b,FALSE,0,2
1849,400,200,40,0.3,0.4,b,TRUE,0,0.5
1850,400,200,40,0.3,0.4,b,TRUE,0,1
1851,400,200,40,0.3,0.4,b,TRUE,0,2
1852,400,200,40,0.3,0.4,b,FALSE,0,0.5
1853,400,200,40,0.3,0.4,b,FALSE,0,1
1854,400,200,40,0.3,0.4,b,FALSE,0,2
1855,400,200,40,0.3,0.7,b,TRUE,0,0.5
1856,400,200,40,0.3,0.7,b,TRUE,0,1
1857,400,200,40,0.3,0.7,b,TRUE,0,2
1858,400,200,40,0.3,0.7,b,FALSE,0,0.5
1859,400,200,40,0.3,0.7,b,FALSE,0,1
1860,400,200,40,0.3,0.7,b,FALSE,0,2
1861,400,200,80,0.12,0.05,b,TRUE,0,0.5
1862,400,200,80,0.12,0.05,b,TRUE,0,1
1863,400,200,80,0.12,0.05,b,TRUE,0,2
1864,400,200,80,0.12,0.05,b,FALSE,0,0.5
1865,400,200,80,0.12,0.05,b,FALSE,0,1
1866,400,200,80,0.12,0.05,b,FALSE,0,2
1867,400,200,80,0.12,0.4,b,TRUE,0,0.5
1868,400,200,80,0.12,0.4,b,TRUE,0,1
1869,400,200,80,0.12,0.4,b,TRUE,0,2
1870,400,200,80,0.12,0.4,b,FALSE,0,0.5
1871,400,200,80,0.12,0.4,b,FALSE,0,1
1872,400,200,80,0.12,0.4,b,FALSE,0,2
1873,400,200,80,0.12,0.7,b,TRUE,0,0.5
1874,400,200,80,0.12,0.7,b,TRUE,0,1
1875,400,200,80,0.12,0.7,b,TRUE,0,2
1876,400,200,80,0.12,0.7,b,FALSE,0,0.5
1877,400,200,80,0.12,0.7,b,FALSE,0,1
1878,400,200,80,0.12,0.7,b,FALSE,0,2
1879,400,200,80,0.3,0.05,b,TRUE,0,0.5
1880,400,200,80,0.3,0.05,b,TRUE,0,1
1881,400,200,80,0.3,0.05,b,TRUE,0,2
1882,400,200,80,0.3,0.05,b,FALSE,0,0.5
1883,400,200,80,0.3,0.05,b,FALSE,0,1
1884,400,200,80,0.3,0.05,b,FALSE,0,2
1885,400,200,80,0.3,0.4,b,TRUE,0,0.5
1886,400,200,80,0.3,0.4,b,TRUE,0,1
1887,400,200,80,0.3,0.4,b,TRUE,0,2
1888,400,200,80,0.3,0.4,b,FALSE,0,0.5
1889,400,200,80,0.3,0.4,b,FALSE,0,1
1890,400,200,80,0.3,0.4,b,FALSE,0,2
1891,400,200,80,0.3,0.7,b,TRUE,0,0.5
1892,400,200,80,0.3,0.7,b,TRUE,0,1
1893,400,200,80,0.3,0.7,b,TRUE,0,2
1894,400,200,80,0.3,0.7,b,FALSE,0,0.5
1895,400,200,80,0.3,0.7,b,FALSE,0,1
1896,400,200,80,0.3,0.7,b,FALSE,0,2
1897,400,100,40,0.12,0.05,b,TRUE,0,0.5
1898,400,100,40,0.12,0.05,b,TRUE,0,1
1899,400,100,40,0.12,0.05,b,TRUE,0,2
1900,400,100,40,0.12,0.05,b,FALSE,0,0.5
1901,400,100,40,0.12,0.05,b,FALSE,0,1
1902,400,100,40,0.12,0.05,b,FALSE,0,2
1903,400,100,40,0.12,0.4,b,TRUE,0,0.5
1904,400,100,40,0.12,0.4,b,TRUE,0,1
1905,400,100,40,0.12,0.4,b,TRUE,0,2
1906,400,100,40,0.12,0.4,b,FALSE,0,0.5
1907,400,100,40,0.12,0.4,b,FALSE,0,1
1908,400,100,40,0.12,0.4,b,FALSE,0,2
1909,400,100,40,0.12,0.7,b,TRUE,0,0.5
1910,400,100,40,0.12,0.7,b,TRUE,0,1
1911,400,100,40,0.12,0.7,b,TRUE,0,2
1912,400,100,40,0.12,0.7,b,FALSE,0,0.5
1913,400,100,40,0.12,0.7,b,FALSE,0,1
1914,400,100,40,0.12,0.7,b,FALSE,0,2
1915,400,100,40,0.3,0.05,b,TRUE,0,0.5
1916,400,100,40,0.3,0.05,b,TRUE,0,1
1917,400,100,40,0.3,0.05,b,TRUE,0,2
1918,400,100,40,0.3,0.05,b,FALSE,0,0.5
1919,400,100,40,0.3,0.05,b,FALSE,0,1
1920,400,100,40,0.3,0.05,b,FALSE,0,2
1921,400,100,40,0.3,0.4,b,TRUE,0,0.5
1922,400,100,40,0.3,0.4,b,TRUE,0,1
1923,400,100,40,0.3,0.4,b,TRUE,0,2
1924,400,100,40,0.3,0.4,b,FALSE,0,0.5
1925,400,100,40,0.3,0.4,b,FALSE,0,1
1926,400,100,40,0.3,0.4,b,FALSE,0,2
1927,400,100,40,0.3,0.7,b,TRUE,0,0.5
1928,400,100,40,0.3,0.7,b,TRUE,0,1
1929,400,100,40,0.3,0.7,b,TRUE,0,2
1930,400,100,40,0.3,0.7,b,FALSE,0,0.5
1931,400,100,40,0.3,0.7,b,FALSE,0,1
1932,400,100,40,0.3,0.7,b,FALSE,0,2
1933,400,100,80,0.12,0.05,b,TRUE,0,0.5
1934,400,100,80,0.12,0.05,b,TRUE,0,1
1935,400,100,80,0.12,0.05,b,TRUE,0,2
1936,400,100,80,0.12,0.05,b,FALSE,0,0.5
1937,400,100,80,0.12,0.05,b,FALSE,0,1
1938,400,100,80,0.12,0.05,b,FALSE,0,2
1939,400,100,80,0.12,0.4,b,TRUE,0,0.5
1940,400,100,80,0.12,0.4,b,TRUE,0,1
1941,400,100,80,0.12,0.4,b,TRUE,0,2
1942,400,100,80,0.12,0.4,b,FALSE,0,0.5
1943,400,100,80,0.12,0.4,b,FALSE,0,1
1944,400,100,80,0.12,0.4,b,FALSE,0,2
1945,400,100,80,0.12,0.7,b,TRUE,0,0.5
1946,400,100,80,0.12,0.7,b,TRUE,0,1
1947,400,100,80,0.12,0.7,b,TRUE,0,2
1948,400,100,80,0.12,0.7,b,FALSE,0,0.5
1949,400,100,80,0.12,0.7,b,FALSE,0,1
1950,400,100,80,0.12,0.7,b,FALSE,0,2
1951,400,100,80,0.3,0.05,b,TRUE,0,0.5
1952,400,100,80,0.3,0.05,b,TRUE,0,1
1953,400,100,80,0.3,0.05,b,TRUE,0,2
1954,400,100,80,0.3,0.05,b,FALSE,0,0.5
1955,400,100,80,0.3,0.05,b,FALSE,0,1
1956,400,100,80,0.3,0.05,b,FALSE,0,2
1957,400,100,80,0.3,0.4,b,TRUE,0,0.5
1958,400,100,80,0.3,0.4,b,TRUE,0,1
1959,400,100,80,0.3,0.4,b,TRUE,0,2
1960,400,100,80,0.3,0.4,b,FALSE,0,0.5
1961,400,100,80,0.3,0.4,b,FALSE,0,1
1962,400,100,80,0.3,0.4,b,FALSE,0,2
1963,400,100,80,0.3,0.7,b,TRUE,0,0.5
1964,400,100,80,0.3,0.7,b,TRUE,0,1
1965,400,100,80,0.3,0.7,b,TRUE,0,2
1966,400,100,80,0.3,0.7,b,FALSE,0,0.5
1967,400,100,80,0.3,0.7,b,FALSE,0,1
1968,400,100,80,0.3,0.7,b,FALSE,0,2
1969,2000,2000,40,0.12,0.05,b,TRUE,0,0.5
1970,2000,2000,40,0.12,0.05,b,TRUE,0,1
1971,2000,2000,40,0.12,0.05,b,TRUE,0,2
1972,2000,2000,40,0.12,0.05,b,FALSE,0,0.5
1973,2000,2000,40,0.12,0.05,b,FALSE,0,1
1974,2000,2000,40,0.12,0.05,b,FALSE,0,2
1975,2000,2000,40,0.12,0.4,b,TRUE,0,0.5
1976,2000,2000,40,0.12,0.4,b,TRUE,0,1
1977,2000,2000,40,0.12,0.4,b,TRUE,0,2
1978,2000,2000,40,0.12,0.4,b,FALSE,0,0.5
1979,2000,2000,40,0.12,0.4,b,FALSE,0,1
1980,2000,2000,40,0.12,0.4,b,FALSE,0,2
1981,2000,2000,40,0.12,0.7,b,TRUE,0,0.5
1982,2000,2000,40,0.12,0.7,b,TRUE,0,1
1983,2000,2000,40,0.12,0.7,b,TRUE,0,2
1984,2000,2000,40,0.12,0.7,b,FALSE,0,0.5
1985,2000,2000,40,0.12,0.7,b,FALSE,0,1
1986,2000,2000,40,0.12,0.7,b,FALSE,0,2
1987,2000,2000,40,0.3,0.05,b,TRUE,0,0.5
1988,2000,2000,40,0.3,0.05,b,TRUE,0,1
1989,2000,2000,40,0.3,0.05,b,TRUE,0,2
1990,2000,2000,40,0.3,0.05,b,FALSE,0,0.5
1991,2000,2000,40,0.3,0.05,b,FALSE,0,1
1992,2000,2000,40,0.3,0.05,b,FALSE,0,2
1993,2000,2000,40,0.3,0.4,b,TRUE,0,0.5
1994,2000,2000,40,0.3,0.4,b,TRUE,0,1
1995,2000,2000,40,0.3,0.4,b,TRUE,0,2
1996,2000,2000,40,0.3,0.4,b,FALSE,0,0.5
1997,2000,2000,40,0.3,0.4,b,FALSE,0,1
1998,2000,2000,40,0.3,0.4,b,FALSE,0,2
1999,2000,2000,40,0.3,0.7,b,TRUE,0,0.5
2000,2000,2000,40,0.3,0.7,b,TRUE,0,1
2001,2000,2000,40,0.3,0.7,b,TRUE,0,2
2002,2000,2000,40,0.3,0.7,b,FALSE,0,0.5
2003,2000,2000,40,0.3,0.7,b,FALSE,0,1
2004,2000,2000,40,0.3,0.7,b,FALSE,0,2
2005,2000,2000,80,0.12,0.05,b,TRUE,0,0.5
2006,2000,2000,80,0.12,0.05,b,TRUE,0,1
2007,2000,2000,80,0.12,0.05,b,TRUE,0,2
2008,2000,2000,80,0.12,0.05,b,FALSE,0,0.5
2009,2000,2000,80,0.12,0.05,b,FALSE,0,1
2010,2000,2000,80,0.12,0.05,b,FALSE,0,2
2011,2000,2000,80,0.12,0.4,b,TRUE,0,0.5
2012,2000,2000,80,0.12,0.4,b,TRUE,0,1
2013,2000,2000,80,0.12,0.4,b,TRUE,0,2
2014,2000,2000,80,0.12,0.4,b,FALSE,0,0.5
2015,2000,2000,80,0.12,0.4,b,FALSE,0,1
2016,2000,2000,80,0.12,0.4,b,FALSE,0,2
2017,2000,2000,80,0.12,0.7,b,TRUE,0,0.5
2018,2000,2000,80,0.12,0.7,b,TRUE,0,1
2019,2000,2000,80,0.12,0.7,b,TRUE,0,2
2020,2000,2000,80,0.12,0.7,b,FALSE,0,0.5
2021,2000,2000,80,0.12,0.7,b,FALSE,0,1
2022,2000,2000,80,0.12,0.7,b,FALSE,0,2
2023,2000,2000,80,0.3,0.05,b,TRUE,0,0.5
2024,2000,2000,80,0.3,0.05,b,TRUE,0,1
2025,2000,2000,80,0.3,0.05,b,TRUE,0,2
2026,2000,2000,80,0.3,0.05,b,FALSE,0,0.5
2027,2000,2000,80,0.3,0.05,b,FALSE,0,1
2028,2000,2000,80,0.3,0.05,b,FALSE,0,2
2029,2000,2000,80,0.3,0.4,b,TRUE,0,0.5
2030,2000,2000,80,0.3,0.4,b,TRUE,0,1
2031,2000,2000,80,0.3,0.4,b,TRUE,0,2
2032,2000,2000,80,0.3,0.4,b,FALSE,0,0.5
2033,2000,2000,80,0.3,0.4,b,FALSE,0,1
2034,2000,2000,80,0.3,0.4,b,FALSE,0,2
2035,2000,2000,80,0.3,0.7,b,TRUE,0,0.5
2036,2000,2000,80,0.3,0.7,b,TRUE,0,1
2037,2000,2000,80,0.3,0.7,b,TRUE,0,2
2038,2000,2000,80,0.3,0.7,b,FALSE,0,0.5
2039,2000,2000,80,0.3,0.7,b,FALSE,0,1
2040,2000,2000,80,0.3,0.7,b,FALSE,0,2
2041,2000,1000,40,0.12,0.05,b,TRUE,0,0.5
2042,2000,1000,40,0.12,0.05,b,TRUE,0,1
2043,2000,1000,40,0.12,0.05,b,TRUE,0,2
2044,2000,1000,40,0.12,0.05,b,FALSE,0,0.5
2045,2000,1000,40,0.12,0.05,b,FALSE,0,1
2046,2000,1000,40,0.12,0.05,b,FALSE,0,2
2047,2000,1000,40,0.12,0.4,b,TRUE,0,0.5
2048,2000,1000,40,0.12,0.4,b,TRUE,0,1
2049,2000,1000,40,0.12,0.4,b,TRUE,0,2
2050,2000,1000,40,0.12,0.4,b,FALSE,0,0.5
2051,2000,1000,40,0.12,0.4,b,FALSE,0,1
2052,2000,1000,40,0.12,0.4,b,FALSE,0,2
2053,2000,1000,40,0.12,0.7,b,TRUE,0,0.5
2054,2000,1000,40,0.12,0.7,b,TRUE,0,1
2055,2000,1000,40,0.12,0.7,b,TRUE,0,2
2056,2000,1000,40,0.12,0.7,b,FALSE,0,0.5
2057,2000,1000,40,0.12,0.7,b,FALSE,0,1
2058,2000,1000,40,0.12,0.7,b,FALSE,0,2
2059,2000,1000,40,0.3,0.05,b,TRUE,0,0.5
2060,2000,1000,40,0.3,0.05,b,TRUE,0,1
2061,2000,1000,40,0.3,0.05,b,TRUE,0,2
2062,2000,1000,40,0.3,0.05,b,FALSE,0,0.5
2063,2000,1000,40,0.3,0.05,b,FALSE,0,1
2064,2000,1000,40,0.3,0.05,b,FALSE,0,2
2065,2000,1000,40,0.3,0.4,b,TRUE,0,0.5
2066,2000,1000,40,0.3,0.4,b,TRUE,0,1
2067,2000,1000,40,0.3,0.4,b,TRUE,0,2
2068,2000,1000,40,0.3,0.4,b,FALSE,0,0.5
2069,2000,1000,40,0.3,0.4,b,FALSE,0,1
2070,2000,1000,40,0.3,0.4,b,FALSE,0,2
2071,2000,1000,40,0.3,0.7,b,TRUE,0,0.5
2072,2000,1000,40,0.3,0.7,b,TRUE,0,1
2073,2000,1000,40,0.3,0.7,b,TRUE,0,2
2074,2000,1000,40,0.3,0.7,b,FALSE,0,0.5
2075,2000,1000,40,0.3,0.7,b,FALSE,0,1
2076,2000,1000,40,0.3,0.7,b,FALSE,0,2
2077,2000,1000,80,0.12,0.05,b,TRUE,0,0.5
2078,2000,1000,80,0.12,0.05,b,TRUE,0,1
2079,2000,1000,80,0.12,0.05,b,TRUE,0,2
2080,2000,1000,80,0.12,0.05,b,FALSE,0,0.5
2081,2000,1000,80,0.12,0.05,b,FALSE,0,1
2082,2000,1000,80,0.12,0.05,b,FALSE,0,2
2083,2000,1000,80,0.12,0.4,b,TRUE,0,0.5
2084,2000,1000,80,0.12,0.4,b,TRUE,0,1
2085,2000,1000,80,0.12,0.4,b,TRUE,0,2
2086,2000,1000,80,0.12,0.4,b,FALSE,0,0.5
2087,2000,1000,80,0.12,0.4,b,FALSE,0,1
2088,2000,1000,80,0.12,0.4,b,FALSE,0,2
2089,2000,1000,80,0.12,0.7,b,TRUE,0,0.5
2090,2000,1000,80,0.12,0.7,b,TRUE,0,1
2091,2000,1000,80,0.12,0.7,b,TRUE,0,2
2092,2000,1000,80,0.12,0.7,b,FALSE,0,0.5
2093,2000,1000,80,0.12,0.7,b,FALSE,0,1
2094,2000,1000,80,0.12,0.7,b,FALSE,0,2
2095,2000,1000,80,0.3,0.05,b,TRUE,0,0.5
2096,2000,1000,80,0.3,0.05,b,TRUE,0,1
2097,2000,1000,80,0.3,0.05,b,TRUE,0,2
2098,2000,1000,80,0.3,0.05,b,FALSE,0,0.5
2099,2000,1000,80,0.3,0.05,b,FALSE,0,1
2100,2000,1000,80,0.3,0.05,b,FALSE,0,2
2101,2000,1000,80,0.3,0.4,b,TRUE,0,0.5
2102,2000,1000,80,0.3,0.4,b,TRUE,0,1
2103,2000,1000,80,0.3,0.4,b,TRUE,0,2
2104,2000,1000,80,0.3,0.4,b,FALSE,0,0.5
2105,2000,1000,80,0.3,0.4,b,FALSE,0,1
2106,2000,1000,80,0.3,0.4,b,FALSE,0,2
2107,2000,1000,80,0.3,0.7,b,TRUE,0,0.5
2108,2000,1000,80,0.3,0.7,b,TRUE,0,1
2109,2000,1000,80,0.3,0.7,b,TRUE,0,2
2110,2000,1000,80,0.3,0.7,b,FALSE,0,0.5
2111,2000,1000,80,0.3,0.7,b,FALSE,0,1
2112,2000,1000,80,0.3,0.7,b,FALSE,0,2
2113,2000,500,40,0.12,0.05,b,TRUE,0,0.5
2114,2000,500,40,0.12,0.05,b,TRUE,0,1
2115,2000,500,40,0.12,0.05,b,TRUE,0,2
2116,2000,500,40,0.12,0.05,b,FALSE,0,0.5
2117,2000,500,40,0.12,0.05,b,FALSE,0,1
2118,2000,500,40,0.12,0.05,b,FALSE,0,2
2119,2000,500,40,0.12,0.4,b,TRUE,0,0.5
2120,2000,500,40,0.12,0.4,b,TRUE,0,1
2121,2000,500,40,0.12,0.4,b,TRUE,0,2
2122,2000,500,40,0.12,0.4,b,FALSE,0,0.5
2123,2000,500,40,0.12,0.4,b,FALSE,0,1
2124,2000,500,40,0.12,0.4,b,FALSE,0,2
2125,2000,500,40,0.12,0.7,b,TRUE,0,0.5
2126,2000,500,40,0.12,0.7,b,TRUE,0,1
2127,2000,500,40,0.12,0.7,b,TRUE,0,2
2128,2000,500,40,0.12,0.7,b,FALSE,0,0.5
2129,2000,500,40,0.12,0.7,b,FALSE,0,1
2130,2000,500,40,0.12,0.7,b,FALSE,0,2
2131,2000,500,40,0.3,0.05,b,TRUE,0,0.5
2132,2000,500,40,0.3,0.05,b,TRUE,0,1
2133,2000,500,40,0.3,0.05,b,TRUE,0,2
2134,2000,500,40,0.3,0.05,b,FALSE,0,0.5
2135,2000,500,40,0.3,0.05,b,FALSE,0,1
2136,2000,500,40,0.3,0.05,b,FALSE,0,2
2137,2000,500,40,0.3,0.4,b,TRUE,0,0.5
2138,2000,500,40,0.3,0.4,b,TRUE,0,1
2139,2000,500,40,0.3,0.4,b,TRUE,0,2
2140,2000,500,40,0.3,0.4,b,FALSE,0,0.5
2141,2000,500,40,0.3,0.4,b,FALSE,0,1
2142,2000,500,40,0.3,0.4,b,FALSE,0,2
2143,2000,500,40,0.3,0.7,b,TRUE,0,0.5
2144,2000,500,40,0.3,0.7,b,TRUE,0,1
2145,2000,500,40,0.3,0.7,b,TRUE,0,2
2146,2000,500,40,0.3,0.7,b,FALSE,0,0.5
2147,2000,500,40,0.3,0.7,b,FALSE,0,1
2148,2000,500,40,0.3,0.7,b,FALSE,0,2
2149,2000,500,80,0.12,0.05,b,TRUE,0,0.5
2150,2000,500,80,0.12,0.05,b,TRUE,0,1
2151,2000,500,80,0.12,0.05,b,TRUE,0,2
2152,2000,500,80,0.12,0.05,b,FALSE,0,0.5
2153,2000,500,80,0.12,0.05,b,FALSE,0,1
2154,2000,500,80,0.12,0.05,b,FALSE,0,2
2155,2000,500,80,0.12,0.4,b,TRUE,0,0.5
2156,2000,500,80,0.12,0.4,b,TRUE,0,1
2157,2000,500,80,0.12,0.4,b,TRUE,0,2
2158,2000,500,80,0.12,0.4,b,FALSE,0,0.5
2159,2000,500,80,0.12,0.4,b,FALSE,0,1
2160,2000,500,80,0.12,0.4,b,FALSE,0,2
2161,2000,500,80,0.12,0.7,b,TRUE,0,0.5
2162,2000,500,80,0.12,0.7,b,TRUE,0,1
2163,2000,500,80,0.12,0.7,b,TRUE,0,2
2164,2000,500,80,0.12,0.7,b,FALSE,0,0.5
2165,2000,500,80,0.12,0.7,b,FALSE,0,1
2166,2000,500,80,0.12,0.7,b,FALSE,0,2
2167,2000,500,80,0.3,0.05,b,TRUE,0,0.5
2168,2000,500,80,0.3,0.05,b,TRUE,0,1
2169,2000,500,80,0.3,0.05,b,TRUE,0,2
2170,2000,500,80,0.3,0.05,b,FALSE,0,0.5
2171,2000,500,80,0.3,0.05,b,FALSE,0,1
2172,2000,500,80,0.3,0.05,b,FALSE,0,2
2173,2000,500,80,0.3,0.4,b,TRUE,0,0.5
2174,2000,500,80,0.3,0.4,b,TRUE,0,1
2175,2000,500,80,0.3,0.4,b,TRUE,0,2
2176,2000,500,80,0.3,0.4,b,FALSE,0,0.5
2177,2000,500,80,0.3,0.4,b,FALSE,0,1
2178,2000,500,80,0.3,0.4,b,FALSE,0,2
2179,2000,500,80,0.3,0.7,b,TRUE,0,0.5
2180,2000,500,80,0.3,0.7,b,TRUE,0,1
2181,2000,500,80,0.3,0.7,b,TRUE,0,2
2182,2000,500,80,0.3,0.7,b,FALSE,0,0.5
2183,2000,500,80,0.3,0.7,b,FALSE,0,1
2184,2000,500,80,0.3,0.7,b,FALSE,0,2